"","UTSW15_N","UTSW24_N","UTSW31_N","UTSW32_N","UTSW37_N","UTSW39_N","UTSW45_N","UTSW46_N","UTSW47_N","UTSW48_N","UTSW49_N","UTSW50_N","UTSW52_N","UTSW54_N","UTSW60_N","UTSW62_N","UTSW65_N","UTSW70_N","UTSW79_N","XP615_N","XP659_N","XP681_N","XP685_N"
"RP11-34P13.15",0.0223918708534593,0.0148105769862972,0.0153988897276039,0.00348713032642401,0.0150046056625957,0.0239075605311678,0.0175724672728515,0.0100549210392119,0.00656380759140156,0.0162149693664205,0.0113008920670956,0.0155197632433924,0.0353860221649842,0.00847594552369928,0.0103393356468601,0.0174196967941839,0.0189750174591689,0.00154341431219265,0.0150744508436788,0.0155855375200748,0.0314996855352144,0.045147816243968,0.0302512448926334
"RP11-34P13.16",0.0188467308381491,0.0139080574511947,0.00740857694672501,0.00857834060300307,0.00706229155413066,0.016140321892062,0.0176166985820604,0.012528068759208,0.0149112585500318,0.010989906002008,0.0183074451486949,0.00632077630276346,0.0247803258075361,0.0117449591552415,0.0107132718366199,0.0176304189328233,0.0159893004262562,0.0030868286243853,0.013210864951308,0.00566746818911811,0.0120213947344176,0.0299154319103825,0.0181376245303128
"RP5-857K21.4",0.0252184014062066,0.0322284326295572,0.0232352136112068,0.0314364798927125,0.0317736786577513,0.0180588298359211,0.0171554292145961,0.0190976657914756,0.0392829615198446,0.0282484486299158,0.02424041348392,0.0146309040758163,0.0829043947865344,0.0146811989440519,0.013087766641595,0.0245842495079209,0.051497071192672,0.0231512146828898,0.0279286726727272,0.0141686704727953,3.69845577228387,0.0252652323878006,0.0276923758655217
"MTND1P23",3.32062725628655,4.03721672346319,4.72157334852297,3.21799360783061,5.55261949550587,1.31654694932844,3.22903090369449,3.09805199119186,2.33674404083283,3.95623661369732,38.4596027148541,1.52845682858766,2.79499023643139,3.67358832457643,1.78653623700618,3.58351259341516,0.432418255016713,34.6179804470388,3.34347401661594,5.00756236184767,12.5624926167609,0.61057715910926,6.01886592617975
"MTND2P28",15.8569705413455,60.5489479582784,58.1684846719051,37.2649218272525,35.9730799536766,14.9709252787514,24.7034136684771,35.155842583909,20.559600481343,44.3692445058083,52.358739381556,17.5693172861905,35.1449321408281,38.1880495706503,18.2141887446793,41.0395413142655,9.19581203261897,76.8476172575181,39.7524621050012,36.6095350084159,112.404394141575,9.43807816674305,52.2273739004445
"AC114498.1",5.18961549089859,1.35326247522765,0.345191778060455,0.878181465754991,3.11272821915852,2.57516583288643,3.55702501775389,7.343453547804,2.11515845803528,5.57196151064479,10.7577033889986,4.43820080358861,0.64562302954616,1.20190082021971,3.10333383243604,3.20063046750751,1.0572253775292,3.25776175946064,2.77107687481691,9.95136570656776,9.97314668364109,1.90248519991725,7.50856648038491
"MTCO1P12",84.5997841064374,102.04675761308,68.806328563651,81.9059960774733,84.0622794798617,58.9259928235651,107.661205542414,111.059314746638,83.2370281738162,121.848074622908,188.732254401232,60.9072261954395,50.2554814360117,121.053982492635,59.1206764681261,92.2641545738092,20.6660071103093,195.27676078754,107.529553975188,114.798039494853,380.557754670933,26.8189568819487,171.887626789715
"MIR6723",2.51713564400575,4.44875791762775,1.9885955095453,3.22559555194221,3.50465665595748,1.66415418014435,3.08968332341107,2.91628995702149,2.47509768954203,4.32048686429826,47.2439330302044,1.66100971556191,1.42917066319938,2.10129064246426,1.64531923494337,2.22814779768704,1.01624379220245,42.1450114037418,3.54476640870482,2.26061137393449,10.7545120065105,0.623999713042573,5.80942413661132
"MTCO2P12",0.784596974145152,1.28821164412064,1.43620311526119,1.2372687111185,4.35091110865921,0.43502750169904,0.841639670385473,0.76947360123724,1.31221929069667,1.01478503358424,1.26968912641439,0.50902001663192,0.843622988997317,0.933567653386295,0.576179577991477,0.960162448781358,0.23574069309866,1.68724509194588,0.925287976561098,1.20946604889875,3.4045290819211,0.234485885083744,1.70759399291602
"MTATP8P1",0.00431165677537727,0.0447402846461062,0.0921024704485467,0.0467798533289781,0.0175429621761029,0.022524992053407,0.0451791229776657,0.0310337069111479,0.0527958436699691,0.0484577846178912,0.043508434458318,0.0197524259461358,0.036397051369698,0.0215324251179427,0.0177619690135932,0.0243454310841296,0.000654762507217699,0.0841160800144994,0.00452082831033353,0.00283373409455905,0.106828692230687,0.00461187370234081,0.0167433689706686
"MTATP6P1",26.2384914919633,74.6365219446946,78.0408203048879,47.8022450693824,68.7455886328213,24.4689532382864,45.6692248399757,50.2060827711998,9.45613513740572,54.1357155954474,91.4871062871567,21.5218623712663,37.1144170316107,48.7257639492565,37.6368644674246,60.4958535302559,9.90665494857987,71.8321381086169,46.5475784902716,55.1234250044671,166.864618488725,12.6036376153736,67.6591748676591
"MTCO3P12",3.33610131338041,5.68922087865194,7.71660607090951,6.22177279970899,6.85151067458396,2.63313273485008,4.16698109050312,5.04502082330122,5.41586898940012,5.88965399966944,6.623498044093,2.28827621923281,4.39041454205392,4.50239094229797,2.43625036671394,4.90169195574472,0.650912503675259,8.66670351896915,4.44903755676544,5.37063454271305,16.6209568593843,1.04858592494644,7.23262690212473
"RP11-54O7.1",0.00670702165058686,0.00617107374429051,0.0034219754950231,0.00523069548963602,0.00840222539314231,0.000776723863910585,0.00821438599593921,0.0190976657914756,0.00570765877513179,0.0151138196491269,0.0129960258771599,0.00564355027032452,0.0202205840942767,0.00195749319254025,0.00560904284639787,0.00421444277278644,0.0275000253031434,0.00463024293657795,0.0020092570268149,0.00708433523639764,0.00717821252142956,0.0242730194860043,0.0127123301026384
"RP11-54O7.3",0.0943773760832579,0.120335938013665,0.0992372893556699,0.0662554762020562,0.117852266698549,0.0458267079707245,0.0947813768762217,0.260043366249628,0.0956032844834575,0.144660845213072,0.202285968001011,0.170717395677317,0.172885994006066,0.107662125589714,0.136486709262348,0.0519781275310327,0.191845414614786,0.0725404726730546,0.0894119376932632,0.136019236538835,0.143986498223969,0.393904263588666,0.160544426941385
"PLEKHN1",0.0229955028020121,0.0169704527967989,0.00855493873755775,0.0174356516321201,0.0114977821169316,0.031845678420334,0.0284344130628665,0.0267367321080659,0.0156960616316124,0.012234996858817,0.0113008920670956,0.0564355027032452,0.06066175228283,0.0176174387328622,0.02617553328319,0.0379299849550779,0.151250139167288,0.0061736572487706,0.0150694277011118,0.0113349363782362,0.0152009206336155,0.075799955587873,0.0328060131680991
"PERM1",0.0143721892512576,0.012342147488581,0.0205318529701386,0.0191792167953321,0.0371466806854712,0.00854396250301643,0.0120056410709881,0.0200525490810494,0.0128422322440465,0.0244699937176341,0.010170802860386,0.0155197632433924,0.0406130431533547,0.0352348774657245,0.0280452142319893,0.0379299849550779,0.0347024128825381,0.0123473144975412,0.00803702810725962,0.0396722773238268,0.0092894514983206,0.0215050435797055,0.0196836079008595
"RP11-54O7.17",0.0138931162762156,0.0300839845034162,0.0245184544218405,0.0174356516321201,0.00663333583669129,0.00233017159173175,0.0149375449956925,0.0286464986872134,0.00428074408134884,0.0151138196491269,0.0553743711287684,0.00846532540548678,0.0257812447202028,0.015659945540322,0.0168271285391936,0.00421444277278644,0.0556548131135044,0.0324117005560457,0.0105485993907782,0.0325879420874291,0.00768490987588341,0.0463444335203833,0.0278851111928843
"HES4",0.274987887674061,0.0809953428938129,0.147144946285993,0.0645119110388442,0.258257875241848,0.115731855722677,0.112157962636862,0.135593427119477,0.082761052239411,0.105796737543889,0.242969179442555,0.076187928649381,0.187040402872059,0.211409264794347,0.186968094879929,0.219151024184895,0.314613384718104,0.172862402965577,0.129597078229561,0.155855375200748,0.0897276565178694,0.124405612502479,0.146806908927244
"ISG15",0.318104455427834,0.0833094955479219,0.133457044305901,0.298149642909253,0.194135628820499,0.248551636451387,0.17945274021898,0.16423992580669,0.162668275091256,0.123069674285748,0.429433898549633,0.280766625948645,0.148621293092934,0.174216894136082,0.222492032907115,0.326380496467158,0.397440841881143,0.138907288097339,0.170786847279267,0.273455340124949,0.177132950161159,0.292766682396981,0.216929762074056
"RP11-465B22.3",0.0632376327055332,0.0385692109018157,0.0333642610764752,0.0226663471217561,0.0895500337953325,0.0577338848044738,0.0442313092089034,0.0582478806640007,0.0242575497943101,0.0388641076691835,0.0847566905032169,0.0695990837087771,0.112224241723236,0.0724272481239892,0.0838177969346721,0.184030667745008,0.1479763266312,0.0277814576194677,0.0690682102967623,0.0708433523639764,0.0240681243365579,0.0647280519626781,0.0602810491963822
"RP11-54O7.18",0.00383258380033535,0.00154276843607263,0.0034219754950231,0.00348713032642401,0.00619111344757854,0.00854396250301643,0.00947813768762217,0.0100262745405247,0.00998840285648064,0.00215911709273242,0.00791062444696691,0.0126979881082302,0.0111213212518522,0.0117449591552415,0.0149574475903943,0.0252866566367186,0.0170238251876602,0.0061736572487706,0.00753471385055589,0.0113349363782362,0.00211123897689105,0.00936853383670341,0.00574105230441735
"RP11-465B22.8",0.0517398813045272,0.0424261319919972,0.0325087672027194,0.0313841729378161,0.0252066761794269,0.022524992053407,0.0581325778174159,0.0868943793512141,0.0656380759140156,0.0503793988304231,0.106228385430699,0.0564355027032452,0.072794102739396,0.164429428173381,0.0598297903615772,0.0421444277278644,0.0661310132289876,0.0679102297364766,0.0459617544883909,0.0481734796075039,0.0945835061647188,0.0783550102706103,0.139220518382121
"TNFRSF18",0.0182047730515929,0.000771384218036313,0.0034219754950231,0.00348713032642401,0.00309555672378927,0.0201948204616752,0.014533144454354,0.0152781326331805,0.00570765877513179,0.00575764558061978,0.0169513381006434,0.0352721891895282,0.0202205840942767,0.0117449591552415,0.0112180856927957,0.00842888554557287,0.0419048004619327,0.00771707156096325,0.00669584904186067,0.0155855375200748,0.0103450709867661,0.046842669183517,0.0135324804318409
"TNFRSF4",0.0306606704026828,0.0107993790525084,0.0205318529701386,0.0226663471217561,0.0212266746774121,0.0419430886511716,0.0379125507504887,0.0381953315829513,0.0156960616316124,0.0201517595321692,0.0271221409610294,0.0451484021625961,0.030330876141415,0.0195749319254025,0.0243058523343908,0.0154529568335503,0.0997399727244721,0.0154341431219265,0.0221018272949639,0.026920473898311,0.0422247795378209,0.0949628657084027,0.0520795459043574
"FAM132A",0.238578341570875,0.134220853938319,0.0975263016081583,0.163895125341929,0.107460040554399,0.0761189386632373,0.127430401830851,0.114585994748854,0.141264554684512,0.121270410041804,0.105098296223989,0.0902968043251923,0.0965532890501711,0.15659945540322,0.108441495030359,0.101146626546874,0.0202976377237487,0.1049521732291,0.121725813827014,0.24015896451388,0.0641816648974878,0.0536561483374831,0.102928866314911
"RP5-902P8.12",0.010376720639408,0.0113162064785927,0.0034219754950231,0.00697426065284802,0.00486444628024028,0.00621379091128468,0.0164287719918784,0.0175030106978874,0.00998840285648064,0.0100758797660846,0.0167592229355028,0.00987621297306791,0.0101102920471383,0.0123909319087798,0.0049920481332941,0.00421444277278644,0.0032738125360885,0.0131190216536375,0.0146525068680477,0.00613503431472035,0.00211123897689105,0.00255505468273729,0.0172928696912343
"RP5-902P8.10",0.00862331355075453,0.0131135317066173,0.00855493873755775,0.00697426065284802,0.00663333583669129,0.0108741340947482,0.0107418893793051,0.0108188276708709,0.00998840285648064,0.0079167626733522,0.0146911596872243,0.00705443783790565,0.0171874964801352,0.0117449591552415,0.0168271285391936,0.0126433283183593,0.0124404876371363,0.0169775574341192,0.0175809989846304,0.00566746818911811,0.00717821252142956,0.0161820129906695,0.0147627059256446
"SCNN1D",0.0862331355075453,0.0964230272545392,0.0479076569303234,0.0575376503859962,0.0543933538608686,0.0419430886511716,0.122583914093247,0.166627134030625,0.082761052239411,0.092842034987494,0.135610704805147,0.055024615135664,0.128400708998657,0.0880871936643112,0.0616994713103765,0.103717436638274,0.0825000759094301,0.100321930292522,0.0838864808695222,0.0609252830330197,0.0966947451416099,0.120087570088653,0.110720294442335
"TAS1R3",0.011497751401006,0.0131135317066173,0.0136879019800924,0.0191792167953321,0.0141511164516081,0.0170879250060329,0.0195881512210858,0.0238720822393445,0.0185498910191783,0.0215911709273242,0.0361628546147059,0.0296286389192037,0.0111213212518522,0.0176174387328622,0.0186968094879929,0.0126433283183593,0.0569643381279398,0.0200643860585045,0.0180833132413341,0.0127518034255157,0.0092894514983206,0.026687546161191,0.0360866144849091
"MXRA8",0.832149757647812,0.693474412014646,1.06765635444721,0.64773445813326,1.08816336621808,0.716139402525559,1.03785607679463,1.03222883602926,0.851154614841529,1.04659602541716,0.862823109322749,1.08920520217263,1.06562478176838,0.735038693798863,1.06758782176439,0.625142344629988,1.93744225885717,0.837302264364513,0.797926196773869,0.877040702266027,1.27645508542833,3.39516943769473,1.15970486774724
"ANKRD65",0.0843168436073777,0.0617107374429051,0.119769142325808,0.0767168671813283,0.0849332320529953,0.0838861773023431,0.0633961036132755,0.0639771804014434,0.0513689289761861,0.092842034987494,0.10170802860386,0.0239850886488792,0.097058803652528,0.0371923706582647,0.112180856927957,0.0407396134702689,0.125059638878581,0.0547912080828391,0.0457105973600391,0.107681895593244,0.114006904752116,0.18325278027039,0.150292547826354
"RP4-758J18.10",0.0143721892512576,0.00771384218036313,0.0119769142325808,0.012204956142484,0.0141511164516081,0.0132043056864799,0.0113737652251466,0.0143232493436067,0.0171229763253954,0.0079167626733522,0.0158212488939338,0.0253959762164603,0.0202205840942767,0.0215324251179427,0.013087766641595,0.0112385140607638,0.0124404876371363,0.0169775574341192,0.00954397087737079,0.0184192716146339,0.0185789029966412,0.0221438072503899,0.0209138333946632
"VWA1",2.93001031535637,1.21248485543602,1.34569186341783,1.44018482481312,1.40715164215678,1.95229543193925,2.15106334820585,1.86186008450965,1.78364336722869,1.51929872758605,1.52938362611625,2.89090862597373,1.87090954332295,1.89289591718642,2.04963774012122,1.56636789721896,2.25380385946955,1.33196655142226,2.19209941625506,1.1490791753437,1.20446183631634,2.23354363515952,1.87117297607546
"ATAD3C",0.177975610228073,0.0876292471689252,0.224567141860891,0.0884859320330093,0.24591102613782,0.103047955025017,0.142854491227841,0.209281770575886,0.114395751000579,0.131403866263695,0.145013047004971,0.238651632056348,0.11553030722265,0.189230866922866,0.207534585316721,0.0941927959717769,0.0921054418903137,0.151640456172928,0.125679027027272,0.204737288331892,0.103632276419674,0.116135752179352,0.296681180085705
"TMEM240",0.00862331355075453,0.012342147488581,0.0119769142325808,0.00871782581606003,0.00972889256048056,0.0108741340947482,0.0157968961460369,0.0124134827644592,0.00856148816269769,0.0111554383124508,0.0158212488939338,0.00987621297306791,0.006066175228283,0.0117449591552415,0.0121529261671954,0.00280962851519096,0.0189881127093133,0.0108039001853486,0.0107997565191301,0.00708433523639764,0.00760046031680776,0.0229954921446356,0.0168130817486508
"C1orf233",0.0709028003062039,0.076367037585595,0.0461966691828118,0.0557940852227842,0.0941933688810164,0.0466034318346351,0.085935115034441,0.11363111145928,0.102737857952372,0.0748493925480572,0.0971876717770221,0.125568993514721,0.0616727814875438,0.0450223434284257,0.132747347364749,0.0618118273342011,0.0680953007506407,0.0733121798291509,0.0522406826971875,0.080761421694933,0.094794630062408,0.088362307777998,0.141886006952029
"MMP23B",0.0748982689180535,0.0273841397402891,0.018820865222627,0.0438855351580462,0.0192366739264048,0.0534619035529655,0.0625557087383063,0.0623825253078551,0.0442343555072714,0.0293855836320882,0.0465257726402326,0.0444429583788056,0.0593170834405606,0.0446895695856939,0.0847526374090718,0.0248230679317121,0.145357276602329,0.020573712781528,0.0479710115152058,0.0219614392328327,0.0166787879174393,0.216949693111224,0.0371118023964122
"RP11-345P4.7",0.00223248006369534,0.00745928538841115,0.0216782147609713,0.0331277381010281,0.00803518081017872,0.0129479868113894,0.0109504084084328,0.0227548687905432,0.011886199399212,0.0206339623495461,0.0244890331093962,0.0427922199247357,0.0434742558026948,0.022178397871481,0.0143404528772905,0.0102972885081749,0.0456173038778571,0.00822639828398683,0.016576370471223,0.0122842372999135,0.00619437515819833,0.0200145950147755,0.0404621164912043
"RP11-345P4.6",0.00191629190016767,0.00642563053624249,0.00799031278087893,0.019754593299192,0.00257815652852735,0.00362730044446243,0.00431571202709729,0.00747673615736271,0.00475162593029722,0.00599514846082035,0.00997868769524541,0.0251561253299715,0.0129715046964785,0.00816274661289284,0.0124707719284913,0.00866770396936411,0.0168077535602783,0.00359615534740888,0.00753471385055589,0.00495903466547834,0.00295573456764746,0.00737984960863955,0.00505622677953328
"MMP23A",0.027623347740917,0.0122110121715148,0.00569758919921346,0.014523897809556,0.00560295767005858,0.0200627774048104,0.0234868251899277,0.0267367321080659,0.0111727420523205,0.011277788281039,0.0226017841341912,0.0136432827785095,0.0308363907437719,0.0316526649233758,0.0246236980956866,0.00772647841677513,0.0440851596109677,0.0172399378671919,0.0173700269968148,0.00542660079108059,0.0049276317720637,0.0745224282465044,0.0163332938060674
"CALML6",0.00287443785025151,0.00539968952625419,0.0068439509900462,0.00523069548963602,0.00928667017136781,0.00388361931955292,0.00442313092089034,0.00954883289573782,0.00428074408134884,0.00575764558061978,0.0146911596872243,0.00846532540548678,0.0101102920471383,0.015659945540322,0.00934840474399644,0.00842888554557287,0.00916667510104779,0.0092604858731559,0.00803702810725962,0.0155855375200748,0.0092894514983206,0.0046842669183517,0.0151727810902459
"TMEM52",0.0670702165058686,0.0705816559503227,0.0256648162126732,0.0723579542732982,0.0238800090120887,0.0240784397812281,0.0524456952048426,0.0276916153976397,0.0256844644880931,0.0428224890058596,0.0305124085811581,0.0126979881082302,0.0343749929602703,0.0254474115030232,0.02617553328319,0.0758599699101559,0.0104762001154832,0.0493892579901648,0.0753471385055589,0.0283373409455905,0.0118229382705899,0.0127752734136865,0.0328060131680991
"CFAP74",0.00479072975041918,0.00385692109018157,0.00171098774751155,0.00871782581606003,0.00309555672378927,0.0147577534143011,0.00821438599593921,0.0114585994748854,0.00713457346891474,0.00287882279030989,0.00791062444696691,0.00564355027032452,0.00404411681885533,0.00782997277016099,0.0112180856927957,0.0112385140607638,0.00392857504330619,0.0123473144975412,0.00803702810725962,0.00141686704727953,0.00633371693067314,0.00255505468273729,0.0151727810902459
"GABRD",0.0143721892512576,0.00617107374429051,0.0068439509900462,0.00348713032642401,0.00176888955645101,0.00776723863910585,0.00505500676673182,0.00859394960616403,0.0028538293875659,0.00575764558061978,0.010170802860386,0.00846532540548678,0.0111213212518522,0.00978746596270124,0.00560904284639787,0.00421444277278644,0.0307738378392319,0.0030868286243853,0.0140647991877043,0.00850120228367716,0.00675596472605135,0.0208662799090212,0.00656120263361983
"RP5-892K4.1",0.0747353841065393,0.111079327397229,0.0898268567443563,0.109844605282356,0.0619111344757854,0.0648564426365338,0.0657150879675137,0.0668418302701647,0.0956032844834575,0.0868468865266736,0.0621549063690258,0.0790097037845433,0.0717830735346822,0.0763422345090697,0.0635691522591758,0.0618118273342011,0.050089331802154,0.0964633945120406,0.0906677233350225,0.0580915489384606,0.02829060229034,0.0630246821741866,0.0578205982087747
"PLCH2",0.499989301132249,0.281231258211679,0.293006651761353,0.114203518190386,0.0685444703124767,0.0295155068286022,0.0794078375468985,0.349172172498445,0.246142784677559,0.198278919682594,1.09637864567341,0.129096212433673,0.252757301178458,0.729166214221243,0.322519963667877,0.536639046401473,0.0802084071341681,0.402831135482282,0.20494421673512,0.265662571364911,0.0715710013166065,0.107312296674966,0.18579685557753
"RP3-395M20.12",0.0301815974276409,0.0165847606877807,0.0273758039601848,0.010461390979272,0.0592578001411089,0.0178646488699434,0.0151650203001955,0.0214848740154101,0.00998840285648064,0.0165532310442819,0.0124309812738052,0.0176360945947641,0.0237591863107751,0.0244686649067531,0.0271103737575897,0.0154529568335503,0.0101488188618743,0.0146624359658302,0.012809013545945,0.0155855375200748,0.0118229382705899,0.0183112252262839,0.0159929314194483
"RP3-395M20.8",0.221015526305839,0.228329728538749,0.112206576481807,0.149074821454626,0.158350993093495,0.160393477897536,0.273020915471186,0.299193581122153,0.191449144464858,0.203316859565636,0.161885278861144,0.182357218109861,0.280388729343287,0.218749864266373,0.2105260748348,0.273236373102321,0.194903155523492,0.265081408119088,0.310972710040143,0.125279384320456,0.137441657395607,0.256995916838659,0.181560779127199
"TNFRSF14",1.03457725252202,0.83716015030827,0.426035949130376,0.516531179601557,0.589159622343247,0.661830869960931,1.32215597611408,1.27970593818809,0.902880272491161,0.795872151552097,0.768178138260823,0.74554120846122,1.18881869036276,0.867502258138062,0.866914965529766,1.00959786250614,0.763714988418724,1.06554237285156,1.25946258211839,0.626255234897551,0.5927176753283,0.957238461614113,0.877778192083891
"TTC34",0.00479072975041918,0.0204416817779623,0.0307977794552079,0.00348713032642401,0.0269755657358779,0.00621379091128468,0.0113737652251466,0.0405825398068857,0.0114153175502636,0.0708910112113811,0.0118659366704504,0.016225207027183,0.0106158066494953,0.00782997277016099,0.0112180856927957,0.0070240712879774,0.00752976883300354,0.028553164775564,0.0105485993907782,0.00850120228367716,0.00844495590756418,0.0229954921446356,0.0215289461415651
"LINC00982",1.02809060443996,1.2511852016549,1.56726477672058,0.383584335906641,1.18648266998952,0.121945646633962,0.402504913801021,1.39174239455379,0.400249571606117,1.49033057325855,3.535676198356,0.450778577842171,0.762821534956587,0.961129157537262,0.996539945710021,0.403181691929902,0.174821589427126,1.04489148935442,0.429478689481686,1.05273221612869,0.501419257011623,0.429036265476304,1.66777569443324
"PRDM16",0.213187473893654,0.412690556649428,0.611387251818302,0.282457556440345,0.346039019480729,0.15870798711285,0.165444052716674,0.513727209790694,0.221171777536357,0.473566349005977,0.850392128048943,0.316744258921964,0.312408024256575,0.379969003603988,0.371748663049763,0.193864367548176,0.19642875216531,0.259293604448365,0.223529844233158,0.206295842083899,0.139975144167876,0.343654854828166,0.521000496625875
"ARHGEF16",0.84412658202386,0.693728968806598,0.518429287495999,0.59106859032887,0.469343888237038,0.47768517630501,0.587644536632574,0.672237835859942,0.591456140573032,0.692716733918318,0.632849955757353,0.685691357844429,0.736534775634028,0.815295914693013,0.76096014616131,0.609689387796438,0.558185037403088,0.603660205784789,0.519895255688356,0.468982992649523,0.313730111966009,0.721517633433713,0.651404398969069
"MEGF6",0.180131438615761,0.228329728538749,0.171440972300657,0.341738771989553,0.196346740766062,0.260979218273956,0.455898422774626,0.389114940501316,0.322482720794946,0.365970347218145,0.335636494392739,0.259603312434928,0.453446598314154,0.221196730757048,0.246797885241506,0.158744011108289,0.641994638326954,0.300965790877567,0.28983532611805,0.188443317288177,0.164254392402123,1.66788433737278,0.335851559808415
"RP11-46F15.2",0.00287443785025151,0.0169704527967989,0.0119769142325808,0.00697426065284802,0.00619111344757854,0.00466034318346351,0.0195881512210858,0.021962315660197,0.00856148816269769,0.0151138196491269,0.0135610704805147,0.0169306508109736,0.0101102920471383,0.0137024523477817,0.0149574475903943,0.00561925703038192,0.00654762507217699,0.0169775574341192,0.0195902560114453,0.0198361386619134,0.00548922133991672,0.0102202187309492,0.020503758230062
"TP73",0.0143721892512576,0.0131135317066173,0.00855493873755775,0.012204956142484,0.0154777836189464,0.0201948204616752,0.0315937922920739,0.021962315660197,0.0214037204067442,0.0151138196491269,0.0169513381006434,0.0268068637840415,0.012132350456566,0.00978746596270124,0.0299148951807886,0.00842888554557287,0.0202976377237487,0.00771707156096325,0.0135624849310006,0.00425060114183858,0.010133947089077,0.0204404374618983,0.0172231569132521
"TP73-AS1",0.354993074506062,0.475735788789536,0.467099655070653,0.462044768251182,0.412018599936352,0.43685280277923,0.470324148335187,0.576529883745962,0.492999026702009,0.454854000868963,0.42567070149129,0.535079110005143,0.520174525825267,0.413363837468724,0.546470347715056,0.250056937851995,0.581540416035544,0.409004792731052,0.476193915355132,0.41797577894746,0.233714154741839,0.901350898853706,0.553191397047072
"SMIM1",0.270197157923642,0.0917947219463213,0.131746056558389,0.13948521305696,0.134435606290277,0.0675749761602209,0.0802482324218677,0.0954883289573781,0.0741995640767133,0.106516443241466,0.0847566905032169,0.0536137275680829,0.0636948398969715,0.105704632397173,0.0934840474399644,0.138374204373155,0.026190500288708,0.106495587541293,0.120555421608894,0.126101167207878,0.05658120458068,0.0515269361018687,0.0984180395042974
"LINC01134",0.0153303352013414,0.0293126002853799,0.0171098774751155,0.0174356516321201,0.0154777836189464,0.0147577534143011,0.0157968961460369,0.0143232493436067,0.00856148816269769,0.0151138196491269,0.0158212488939338,0.0239850886488792,0.0101102920471383,0.039149863850805,0.013087766641595,0.0070240712879774,0.00392857504330619,0.0154341431219265,0.0115532279041857,0.0198361386619134,0.0168899118151284,0.007239321601089,0.0114821046088347
"AJAP1",0.290318222875403,0.900976766666414,0.423469467509108,0.716605282080134,0.239684534899112,0.323117127386803,0.412614927334485,0.528050459134301,0.504414344252272,0.8913555064497,0.553178666684329,0.689684169660683,0.50500908775456,0.485458311749982,0.611385670257367,0.356120414300454,0.248482371489117,0.448361857691965,0.523913769741986,0.327296287921571,0.0935278866762733,0.611083911621336,0.496806061914401
"KCNAB2",2.31368293296495,1.28126918615832,1.21137932523818,1.78197590375757,0.99588482028192,0.787986359937288,1.07324112416175,1.38362588659241,3.3016380259158,1.3739181766754,1.45272967522514,1.04299863433435,1.98869444567211,1.88179693078472,1.3041024617875,2.02644456658148,0.798810258805593,2.12450980073318,2.06091000183175,0.62838053546847,0.844706714654107,0.935575856328972,1.05431555044472
"CHD5",0.0316188163527666,0.0408833635559246,0.0273758039601848,0.00523069548963602,0.0269755657358779,0.00854396250301643,0.0116897031480673,0.0515636976369842,0.0214037204067442,0.0230305823224791,0.0706305754193475,0.0253959762164603,0.0454963142121225,0.0499160764097763,0.0579601094127779,0.0547877560462237,0.0235714502598372,0.0200643860585045,0.0221018272949639,0.0495903466547835,0.02829060229034,0.0189499888969683,0.04961909491675
"RP1-120G22.11",0.08240055170721,0.0161990685787626,0.0205318529701386,0.0244099122849681,0.0490866851915156,0.0132043056864799,0.0214837787586102,0.0181427825019018,0.0214037204067442,0.0230305823224791,0.0192115165140625,0.0211633135137169,0.0384191097791257,0.0195749319254025,0.0373936189759858,0.0154529568335503,0.00654762507217699,0.0370419434926236,0.0175809989846304,0.0155855375200748,0.0126674338613463,0.0149044856493009,0.0463384935999401
"RNF207",0.395235204409583,0.357922277168849,0.230983345914059,0.271996165461073,0.326669678837591,0.356259934659868,0.394290527805082,0.518740347060957,0.546979209567818,0.430563933575723,0.480287912851563,0.421502660814862,0.770909768594298,0.501118257290304,0.352434858848666,0.33856023608051,0.553713009478792,0.377488272476078,0.533543134042997,0.30037581402326,0.254818099554842,0.690073427138159,0.473362064754149
"GPR153",0.331518498729008,0.203645433561587,0.0787054363855313,0.0540505200595722,0.0451066836895008,0.0908766920775384,0.141540189468491,0.237765939103872,0.102737857952372,0.0741296868504797,0.151431953699081,0.125568993514721,0.142049603262294,0.444350954706636,0.273908258999096,0.150315125562716,0.16500015181886,0.0709970583608619,0.155717419578155,0.0793445546476535,0.0477140008777376,0.206107744407475,0.0844754839078553
"ACOT7",2.9817501966609,1.6263324884125,1.81479337415308,3.15410938025052,1.80485550335755,1.58257487271782,1.3755937163969,0.919552607859552,2.36820750983075,2.13716606895631,1.27926098199522,1.11953928487563,1.09039499728387,2.18749864266373,1.79208918942412,2.53077288505826,0.357500328940864,1.95087569061151,1.77896100954395,1.22913216351499,0.808321622126367,0.471833431412153,1.12258076309589
"HES2",0.0833586976572938,0.0474401294092333,0.0821274118805544,0.0592812155492082,0.0225533418447504,0.0178646488699434,0.113105776405624,0.0372404482933775,0.0913225404021087,0.0275287429323383,0.0576345495421875,0.0239850886488792,0.0616727814875438,0.107662125589714,0.0635691522591758,0.0828840411981333,0.0176785876948779,0.0293248719316604,0.0473833038348625,0.0311710750401496,0.00717821252142956,0.0102202187309492,0.0303455621804917
"ESPN",1.48448426484339,1.55150821926298,1.39359952034816,1.87229257921195,0.959768517763081,0.34564211944021,1.32293950216293,1.16846203495275,1.79006448335071,1.52769769307677,1.16116665989407,0.646186505952157,1.28206591391352,1.69812534452867,1.3125160260571,1.8616177097378,0.0720238757939469,2.18265021787348,1.56897858081409,0.89758527445158,0.600225241130124,0.15223867484643,0.865123272504297
"RP1-202O8.2",0.0191629190016767,0.0586252005707598,0.0273758039601848,0.0418455639170881,0.0137088940624953,0.0132043056864799,0.0499181918214767,0.0601576472431482,0.0642111612202327,0.0403035190643385,0.0248619625476103,0.0155197632433924,0.0505514602356917,0.0645972753538282,0.0430026618223836,0.0547877560462237,0.00392857504330619,0.0956916873559443,0.0522406826971875,0.024086739803752,0.00760046031680776,0.00894269138958052,0.020503758230062
"TNFRSF25",0.122642681610731,0.122650090667774,0.0906823506181121,0.12204956142484,0.0696500262852586,0.165442183012955,0.249590959107384,0.216758506733248,0.169802848560171,0.136204303266537,0.1861821968054,0.176826538844943,0.296231556981153,0.207494278409266,0.175750009187133,0.148910311305121,0.344077697542901,0.265976588420159,0.181335446670045,0.0878457569313307,0.165943383583636,0.408702288626186,0.200526755490006
"RP3-467L1.6",0.00191629190016767,0.00617107374429051,0.00513296324253465,0.012204956142484,0.00530666866935304,0.00699051477519526,0.014533144454354,0.00859394960616403,0.00713457346891474,0.00575764558061978,0.0135610704805147,0.00846532540548678,0.0222426425037043,0.0117449591552415,0.00934840474399644,0.00280962851519096,0.019642875216531,0.00771707156096325,0.00853934236396334,0.00141686704727953,0.00844495590756418,0.0166078554377924,0.00656120263361983
"PER3",0.360262877231523,0.803010970975802,1.01119375877933,0.911012797778273,0.335646793336579,0.281950762599542,0.587644536632574,0.978755371813126,0.617854062408017,1.14253279490424,0.455425950303952,0.732250647574606,0.831066006274771,0.507969483464194,0.474898960995019,0.617415866213213,1.07250098682259,0.478458436779722,0.455850187958631,0.198361386619134,0.259893518055288,1.12337237551016,0.464410123910904
"RP3-467L1.4",0.035451400153102,0.0647962743150503,0.0889713628706006,0.123793126588052,0.0278600105141034,0.0302922306925128,0.0448631850547449,0.0888041459303617,0.0442343555072714,0.112274088822086,0.0463336574750919,0.0663117156763131,0.084926453195962,0.0489373298135062,0.0299148951807886,0.0604070130766056,0.135535838994064,0.0601931581755134,0.0426967118198167,0.0255036068510315,0.0270238589042054,0.0992212901796315,0.0524896210689586
"UTS2",0.0613213408053656,0.144248848772791,0.186497664478759,0.183074342137261,0.0574889105846579,0.0567008420654727,0.108050769638893,0.201671350757983,0.109872431421287,0.188562892765298,0.0904071365367647,0.117103668109234,0.158731585140072,0.0841722072792307,0.0635691522591758,0.101146626546874,0.176785876948779,0.0833443728584031,0.0653008533714844,0.0170024045673543,0.0523587266268979,0.183963937157085,0.0803747322618429
"TNFRSF9",0.00574887570050302,0.00539968952625419,0.0136879019800924,0.012204956142484,0.00530666866935304,0.0291271448966469,0.00884626184178069,0.021962315660197,0.0128422322440465,0.0165532310442819,0.00904071365367647,0.0366830767571094,0.0212316132989905,0.00587247957762075,0.0299148951807886,0.0168577710911457,0.10541676366205,0.0108039001853486,0.00904165662066707,0.024086739803752,0.00295573456764746,0.0462890740022573,0.0168130817486508
"ERRFI1",9.43486317047554,14.2449595084221,4.3598876485765,13.1585468015479,5.23316246383471,14.0338157041819,8.12634673433812,6.29936506131824,9.42477155243637,6.94084174743715,6.12225827734904,6.80541618222758,6.55821281134108,8.87233789518868,5.58815851019978,11.4818981308922,5.85981670122001,10.0329647364083,12.0363035248577,4.26193607821682,0.757723668806196,5.79381218960379,5.29010494816031
"SLC45A1",0.103479762609054,0.161990685787626,0.278891002844383,0.167818146959156,0.297615667872883,0.127382713681336,0.14975457546443,0.169969225544133,0.132703066521814,0.180646130091946,0.139566017028631,0.134739762703998,0.163786731163641,0.115492098359875,0.134617028313549,0.167172896653862,0.091339369756869,0.146624359658302,0.139141049106932,0.172857779768102,0.302329421490798,0.240315668184856,0.289102991043874
"ENO1-IT1",0.00287443785025151,0.00308553687214525,0.00171098774751155,0.00174356516321201,0.00486444628024028,0.00543706704737409,0.00126375169168296,0.00381953315829513,0.00713457346891474,0.00287882279030989,0.00226017841341912,0.00564355027032452,0.0192095548895628,0.015659945540322,0.00186968094879929,0.0266914708943141,0.0137500126515717,0.0030868286243853,0.00602777108044471,0.00141686704727953,0.000422247795378209,0.00340673957698306,0.00246045098760744
"SLC2A5",0.899459510641202,1.09073728430335,0.776788437370243,0.636104878494636,0.433599052525054,0.480015347896741,0.350501531688268,0.407735164648005,0.859716103004226,1.1802453734573,0.689354416092831,0.558006032978337,0.677389567158268,1.78474441829857,1.14424474066516,1.29183909499965,0.152559664181724,2.13840052954292,1.09790827087733,0.580915489384606,0.392901573599424,0.127859194748645,0.270309246250199
"MIR34AHG",0.0220373568519283,0.037026442465743,0.0171098774751155,0.0418455639170881,0.0287444552923289,0.0429139934810598,0.084671363342758,0.0878492626407879,0.0756264787704963,0.0478604288889019,0.0553743711287684,0.0677226032438942,0.0566176354639747,0.0352348774657245,0.0635691522591758,0.0142167202868662,0.119166776313621,0.0262380433072751,0.0437013403332242,0.0580915489384606,0.0401135405609299,0.134140370843708,0.0619213498547871
"RP3-510D11.2",0.00574887570050302,0.00462830530821788,0.0102659264850693,0.00871782581606003,0.00972889256048056,0.0132043056864799,0.0164287719918784,0.0124134827644592,0.0114153175502636,0.00719705697577473,0.00678053524025736,0.0197524259461358,0.00505514602356917,0.0039149863850805,0.0149574475903943,0.00842888554557287,0.0183333502020956,0.0092604858731559,0.00904165662066707,0.0113349363782362,0.00548922133991672,0.0234213345917585,0.0127123301026384
"SPSB1",0.995829830300634,1.07787830938868,0.349041500492356,1.20654709294271,0.531330200518973,2.22195065577309,1.68552881878214,0.959017934217636,2.43859721167506,0.492998402840569,0.40909229282886,1.66249114750787,1.24053283418387,1.24398692385933,0.955406964836437,2.62630025457475,1.40986736866651,0.255172688234811,1.05360415343607,0.291874611739583,0.210068278200659,1.63546069344884,0.578821094834649
"SLC25A33",0.83749621204928,0.791980176657883,0.67412917251955,0.716605282080134,0.584763931795466,0.333214537617641,0.51073260867675,0.745315054011024,0.416188208735673,0.458574879325438,0.669577854975414,0.307573489732686,0.437947520605891,0.679250137811466,0.410394968261444,0.616011051955618,0.355863422672819,0.383538456579874,0.549782953962228,0.523532373969785,0.168054622560527,0.348552042970079,0.485561800901035
"PIK3CD-AS2",0.114019368059977,0.0424261319919972,0.0496186446778349,0.102870344629508,0.0767255845110626,0.0776723863910585,0.0537094468965256,0.0592027639535745,0.0428074408134884,0.0489399874352682,0.0203416057207721,0.043737514595015,0.0384191097791257,0.039149863850805,0.0467420237199822,0.0632166415917966,0.0268452627959257,0.0509326723023575,0.0693193674251142,0.11972526549512,0.0278683544949618,0.0310864986399704,0.0477737566760444
"RBP7",0.230913173970205,0.0624821216609414,0.100948277103181,0.114203518190386,0.160615171725752,0.13281978072871,0.1965133880567,0.131773893961182,0.0684919053015815,0.115872617309973,0.135045660201792,0.08747502919003,0.127389679793943,0.0841722072792307,0.106571814081559,0.0519781275310327,0.0595833881568106,0.0571063295511281,0.0577661395209285,0.24086739803752,0.0591146913529493,0.106886454227843,0.186174124728963
"CASZ1",0.311713621940775,0.418090246175682,0.438012863362957,0.357430858458461,0.491897230081788,0.410498562076744,0.379125507504887,0.52518580926558,0.440916640378931,0.64377674648305,0.756029679288695,0.520617512437437,0.562132237820892,0.452180927476797,0.5253803466126,0.629356787402775,0.553929081106173,0.314856519687301,0.414911576037278,0.311710750401496,0.247226084193941,0.651326022874448,0.660221015007995
"RP4-734G22.3",0.170549979114923,0.168933143749953,0.232694333661571,0.1307673872409,0.237694534148105,0.173986145515971,0.168078974993833,0.202435257389642,0.221171777536357,0.294359630309186,0.33450640518603,0.203167809731683,0.286121264934015,0.203579292024186,0.23744948049751,0.331536164792533,0.252083565278814,0.168232160028999,0.187614374878842,0.146645739393431,0.114429152547495,0.304264428469299,0.292383592360684
"ANGPTL7",0.0105396054509222,0.0285412160673436,0.00171098774751155,0.0418455639170881,0.0203422298991866,0.0240784397812281,0.146121289350842,0.00763906631659025,0.128422322440465,0.00719705697577473,0.00452035682683824,0.0268068637840415,0.0151654380707075,0.00587247957762075,0.0112180856927957,0.00561925703038192,0.00851191259383009,0.0154341431219265,0.00401851405362981,0.00566746818911811,0.00802270811218597,0.339962800811611,0.0299354870158905
"PTCHD2",0.00479072975041918,0.00231415265410894,0.0034219754950231,0.00174356516321201,0.00796000300402955,0.00466034318346351,0.0056868826125733,0.00381953315829513,0.00856148816269769,0.00719705697577473,0.0056504460335478,0.00705443783790565,0.00404411681885533,0.00195749319254025,0.00373936189759858,0.0070240712879774,0.00523810005774159,0.0030868286243853,0.00351619979692608,0.00708433523639764,0.00211123897689105,0.007239321601089,0.00574105230441735
"FBXO2",0.215103765793821,0.199402820362387,0.184786676731247,0.165638690505141,0.407874976150365,0.280397314871721,0.319729177995788,0.230604314432068,0.139837639990729,0.162653487652509,0.268961231196875,0.282177513516226,0.20978855997812,0.201621798831646,0.308497356551883,0.318892836474174,0.12800607016106,0.145852652502205,0.19531485243411,0.143103571775232,0.20521242855381,0.299367240327386,0.360045994519888
"DRAXIN",0.0127720855146175,0.0169704527967989,0.0307977794552079,0.0156920864689081,0.0169503841746918,0.0133596504592621,0.0170606478377199,0.0233946405945576,0.0142691469378295,0.0165532310442819,0.0242969179442555,0.0126979881082302,0.0232536717084182,0.0117449591552415,0.0299148951807886,0.0168577710911457,0.00916667510104779,0.0092604858731559,0.0150694277011118,0.0325879420874291,0.0143564250428591,0.0187370676734068,0.042680623131697
"C1orf167",0.232829465870372,0.316267529394889,0.207029517448897,0.278970426113921,0.149104122937147,0.189520622794183,0.300772902620543,0.292671728254364,0.535806467515497,0.307314332865581,0.228278019755331,0.386583193517229,0.269439283056237,0.340603815502003,0.228101075753513,0.219151024184895,0.136190601501281,0.339551148682383,0.31947186726357,0.14877103996435,0.135119294521027,0.256995916838659,0.200116680325405
"MTHFR",0.860894136150328,1.33642315774791,0.801597759709161,1.15075300771992,0.584449953899196,0.706686673101767,1.19845996053216,1.05442987251185,2.17319107863143,1.25768570651663,0.922717837278355,1.43839987514896,1.24364680413439,1.41722507139914,1.07132718366199,0.946844809619353,0.601071981625848,1.31935685649164,1.4489254734619,0.514322738162468,0.437448716011825,0.937172765505683,0.752077851878673
"NPPA-AS1",0.00191629190016767,0.00385692109018157,0.0068439509900462,0.00174356516321201,0.00574889105846579,0.00699051477519526,0.0189562753752443,0.0171878992123281,0.00856148816269769,0.00719705697577473,0.0113008920670956,0.00282177513516226,0.0151654380707075,0.0254474115030232,0.00186968094879929,0.00561925703038192,0.00982143760826549,0.0061736572487706,0.0020092570268149,0.0297542079928701,0.0118229382705899,0.0106460611780721,0.018863457571657
"NPPA",0.0124558973510899,0.00617107374429051,0.0068439509900462,0.012204956142484,0.00442222389112753,0.00388361931955292,0.0189562753752443,0.0114585994748854,0.00856148816269769,0.0107955854636621,0.010170802860386,0.011287100540649,0.0192095548895628,0.0254474115030232,0.00560904284639787,0.0070240712879774,0.00785715008661239,0.00771707156096325,0.00351619979692608,0.0141686704727953,0.0139341772474809,0.0183112252262839,0.0217339837238657
"NPPB",0.000958145950083837,0.000771384218036313,0.00171098774751155,0.00174356516321201,0.000884444778225506,0.00233017159173175,0.00126375169168296,0.00190976657914756,0.00142691469378295,0.000719705697577473,0.00113008920670956,0.00141088756758113,0.00101102920471383,0.00195749319254025,0.00186968094879929,0.00280962851519096,0.000654762507217699,0.00154341431219265,0.00100462851340745,0.00141686704727953,0.000422247795378209,0.00127752734136865,0.00123022549380372
"PLOD1",2.9966302032657,2.44168560687688,1.47316045060744,2.61273239707319,1.70292324266706,2.20220633515249,3.17928331835139,2.24222829407847,2.67927491307543,2.7095696014106,1.75728871643336,2.14666543407469,2.07741225838575,2.39832065950031,2.40814906205348,2.5469282490206,1.90328329885562,3.28747248497034,3.37513488421597,1.50376350328918,2.18632730234315,2.47353992150903,1.50326584065016
"TNFRSF8",0.017725700076551,0.0100279948344721,0.0376417304452541,0.0174356516321201,0.0190155627318484,0.0178646488699434,0.0309619164462324,0.0286464986872134,0.0242575497943101,0.0115152911612396,0.038423033028125,0.0564355027032452,0.0161764672754213,0.0254474115030232,0.0336542570783872,0.0295010994095051,0.0491071880413274,0.0262380433072751,0.0221018272949639,0.024086739803752,0.0603814347390839,0.0566370454673433,0.0373168399787128
"TNFRSF1B",0.924131768855861,0.258799405151183,0.212162480691432,0.330405598428675,0.130455604788262,1.31512554465748,0.958555658141522,0.759132215211156,0.761972446480094,0.373527257042708,0.37123430440409,1.33752141406691,1.03175530341047,0.559843053066511,0.904925579218856,1.25309431777517,2.87311752454648,0.314084812531204,0.591726194396989,0.211821623568289,0.242159110649403,2.01503961711629,0.319448553224365
"DHRS3",2.47345377014142,3.25659132249481,2.06345122349893,2.61738771605897,2.15613043592538,2.26919876841477,2.47900691219758,2.25008698355166,1.98936165863137,2.48802259652532,2.08614467558585,1.72104298156249,2.00234333993575,1.90268338314912,2.50069826901905,1.40481425759548,0.924197278937782,2.88978091914766,2.43563643733273,2.06295842083899,0.964485746769044,2.03488813357669,1.99029981139212
"RP11-474O21.5",0.0182047730515929,0.0347122898116341,0.0325087672027194,0.0174356516321201,0.0194577851209611,0.0209715443255858,0.0170606478377199,0.0200525490810494,0.0299652085694419,0.027348816507944,0.0226017841341912,0.0126979881082302,0.0262867593225597,0.0117449591552415,0.0280452142319893,0.0196673996063367,0.0157143001732248,0.0339551148682383,0.0286319126321124,0.0212530057091929,0.00802270811218597,0.0306606561928475,0.0225541340530682
"PDPN",0.0670702165058686,0.0254556791951983,0.114636179083274,0.0767168671813283,0.114535598780203,0.082332729574522,0.254645965874115,0.10599204514269,0.0898956257083257,0.106516443241466,0.136740794011857,0.0606681654059886,0.110202183313808,0.0176174387328622,0.0542207475151794,0.123623654668402,0.316905053493366,0.0432156007413942,0.0665566390132437,0.109098762640524,0.145464365507793,0.358516756232754,0.204012394389117
"KAZN",0.774498115831268,1.17481816406931,1.17972605190921,0.861896567130591,0.996548153865589,0.791093255392931,0.835971744048275,1.10670973261601,1.16935659155513,1.13893426641635,1.15551621386052,1.28249679893125,1.3082717908997,1.16079346317637,1.03580324563481,0.791612834155052,1.51954008862548,0.887463229510774,0.855943493423149,0.893334673309742,0.450116149873171,1.54272072531442,1.36801074910973
"TMEM51-AS1",0.104437908559138,0.210587891523914,0.207885011322653,0.181330776974049,0.199146008489146,0.161558563693402,0.217365290969468,0.310814510756266,0.218317948148791,0.300117275889806,0.377449795040993,0.330147690813984,0.385202126995971,0.289708992495957,0.231840437651112,0.123623654668402,0.322797916058326,0.186753131775311,0.266728870309679,0.130351768349716,0.192122746897085,0.428610423029181,0.439805614034829
"FHAD1",0.0431165677537727,0.0293126002853799,0.0222428407176501,0.0366148684274521,0.0283022329032162,0.078449110254969,0.0366487990588057,0.0448795146099677,0.027111379181876,0.0331064620885637,0.0350327654079963,0.0705443783790565,0.0394301389838395,0.0274049046955635,0.0448723427711829,0.0295010994095051,0.0517262380701982,0.0463024293657795,0.0303900125305754,0.0226698727564724,0.0118229382705899,0.0640892882919938,0.0323959380034979
"RP3-467K16.2",0.00862331355075453,0.00617107374429051,0.00513296324253465,0.00523069548963602,0.00309555672378927,0.0100974102308376,0.0107418893793051,0.0105037161853116,0.00570765877513179,0.0079167626733522,0.0113008920670956,0.0239850886488792,0.0141544088659937,0.0117449591552415,0.013087766641595,0.00561925703038192,0.0137500126515717,0.0092604858731559,0.00401851405362981,0.00850120228367716,0.00253348677226925,0.0157561705435466,0.0147627059256446
"EFHD2",0.772265635767573,0.428503933119172,0.492764471283326,0.649478023296472,0.496982787556585,1.01711989979091,0.794899814068579,0.790643363767091,0.66779607669042,0.54280203711293,0.51306049984614,0.976334196766142,0.845220415140765,0.70861253569957,0.977843136222028,0.907973599111686,1.51795556335801,0.533249644862561,0.603279422301175,0.60004319452288,0.319852704998993,1.2532458050337,0.6616562780841
"DNAJC16",2.0034831816253,2.83136577230229,3.56574979544649,2.92831769161456,2.78887549693958,1.23563562442488,2.01284050692803,1.79088360959563,2.7446704134915,2.78405914110987,2.16016551862532,1.88494579028839,2.20657123928794,2.61129591884869,2.60820492357501,2.04446833350643,0.845625778071658,3.76670262890616,2.8441183908842,2.23014873241798,1.05463565108229,0.882771392885735,1.46089277389192
"RP4-680D5.8",0.0910238652579645,0.11725040114152,0.138590007548435,0.0993832143030843,0.0888867002116633,0.0582542897932938,0.085935115034441,0.106946928432264,0.0884687110145428,0.126668202773635,0.0971876717770221,0.10017301729826,0.0805486967395511,0.101789646012093,0.0691781951055737,0.0941225552588971,0.0379762254186265,0.166688745716806,0.123066992892413,0.0722602194112559,0.0346243192210132,0.0430100871594111,0.0596659364494803
"AGMAT",5.37307169596114,6.75260487858372,10.1322470123562,8.54207444760826,8.30911989133851,1.45111435875095,3.67118602682207,3.87774284362754,6.22090572133858,7.279268957609,5.00403500730993,3.23457261968515,4.76573891371983,6.33685568768707,5.88295110539696,5.82076358749141,0.202976377237487,10.2891406439461,6.50703915905087,6.22683313071359,2.24006677926094,0.365372819631433,3.16410306329835
"SLC25A34",0.123600827560815,0.243757412899475,0.383261255442587,0.363533336529703,0.0924244793245654,0.0419430886511716,0.14975457546443,0.268322204370233,0.0998840285648064,0.305874921470426,0.259920517543199,0.0620790529735697,0.295978799679975,0.146811989440519,0.13087766641595,0.306951915284612,0.0288095503175788,0.191383374711889,0.207455788018639,0.0977638262622874,0.0599591869437057,0.0945370232612798,0.275980585776634
"RP11-169K16.4",0.011497751401006,0.0339409055935978,0.053040620172858,0.0435891290803001,0.0141511164516081,0.00621379091128468,0.0139012686085125,0.0248269655289183,0.0114153175502636,0.0309473449958313,0.0327725869945772,0.011287100540649,0.0283088177319873,0.00782997277016099,0.0168271285391936,0.0295010994095051,0.00523810005774159,0.0324117005560457,0.0246133985784826,0.0127518034255157,0.00760046031680776,0.00936853383670341,0.0221440588884669
"TMEM82",0.746395695115309,0.40806225134121,0.256648162126732,0.482967550209726,0.239463423704556,0.288941277374738,0.310882916154007,0.402005864910562,0.4937124840489,0.405194307736117,0.301733818191452,0.270890412975577,0.375091834948832,0.444350954706636,0.471159599097421,0.73331304246484,0.0484524255341097,0.472284779530951,0.507839713527467,0.281956542408626,0.114429152547495,0.0779291678234874,0.194170590438687
"FBLIM1",1.00830489057073,0.543185624814631,0.256648162126732,0.670226448738695,0.241453424455563,1.45564265887755,1.83225039018653,0.821791656672988,1.02334041094032,0.562234090947522,0.535583177735861,1.50933930204694,1.48456495332565,0.589205450954615,1.17056984842426,0.73963470662402,4.18264253898188,0.481545265404107,1.00228772897121,0.412308310758342,0.498653533951896,2.7523219379425,0.67038677833846
"RPL12P14",0.00946648198682831,0.00514513273430221,0.0185299973055501,0.0181853846523012,0.00969793699324267,0.0102294532877024,0.0097940756105429,0.0083074846192919,0.00927494550958916,0.00815426555355277,0.00840786369791912,0.00564355027032452,0.0160248128947143,0.00718400001662271,0.00435635661070234,0.0158041603979491,0.00147321564123982,0.0133814020867103,0.00703239959385216,0.0165348384417521,0.00291350978810964,0.00447134569479026,0.0136432007262832
"UQCRHL",0.337909332216067,0.15273407517119,0.210451492943921,0.179587211810837,0.343903085341315,0.320654912738207,0.213574035894419,0.239675705683019,0.156960616316124,0.158817456284421,0.180622157908389,0.205044290196566,0.182824411088403,0.223154223949588,0.231840437651112,0.212126952896917,0.0906846072496513,0.179807767370444,0.171138467258959,0.474622123497696,0.119918373887411,0.161960657914246,0.217442356029807
"RP11-169K16.8",0.0458281207925099,0.0102825516264241,0.0213873468438944,0.0209227819585441,0.00854815878154951,0.0170879250060329,0.0270126924097232,0.00572929973744269,0.0313921232632249,0.00287882279030989,0.0152562042905791,0.011287100540649,0.0207260986966336,0.00782997277016099,0.0205664904367922,0.00842888554557287,0.00785715008661239,0.00771707156096325,0.0107997565191301,0.0191277051382736,0.0102732888615518,0.0229954921446356,0.010251879115031
"C1orf64",0.052698027254611,0.0308553687214525,0.0393527181927656,0.0418455639170881,0.14703894437999,0.0403896409233504,0.0284344130628665,0.0238720822393445,0.0613573318326668,0.0611749842940852,0.0372929438214155,0.0183415383785547,0.0232536717084182,0.0371923706582647,0.02617553328319,0.0309059136671005,0.00392857504330619,0.0709970583608619,0.036668940739372,0.134602369491555,0.0447582663100902,0.0327898684284619,0.122817511798071
"RP11-5P18.5",0.035451400153102,0.0154276843607263,0.0256648162126732,0.0401019987538761,0.0924244793245654,0.0264086113729599,0.0214837787586102,0.0229171989497708,0.0356728673445737,0.0374246962740286,0.0316424977878677,0.0126979881082302,0.018198525684849,0.023489918310483,0.0299148951807886,0.0463588705006508,0.0032738125360885,0.030868286243853,0.0226041415516677,0.0637590171275787,0.0304018412672311,0.0187370676734068,0.0647918760069958
"HSPB7",0.287443785025151,0.302382613470235,0.285734953834429,0.141228778220172,0.396319705122849,0.118062027314409,0.152913954693638,0.255908721605773,0.155533701622341,0.314029187023979,0.303146429699839,0.276533963245901,0.301286703004722,0.407158584048372,0.200990701995924,0.321702464989365,0.143392989080676,0.155884845531458,0.180833132413341,0.249368600321197,0.122029612864302,0.196313368123649,0.437345163047222
"CLCNKA",1.88281428067174,1.13596354100682,1.72808051510919,0.469751326272579,2.72613298437226,0.203369609287708,0.514188969553502,1.06934514949499,0.683663368085286,1.24229839870243,1.31675734187384,0.662171862092852,0.985955680436931,2.01099148149237,1.80700924339554,0.746658777911997,0.193973392763243,1.13515035833145,0.61201969036782,1.61796298729991,1.98271519293383,0.481844987344012,2.90200762259511
"RP11-5P18.10",0.016125596339911,0.00758270686329696,0.0119769142325808,0.00784604323445403,0.0186485181488848,0.018641372733854,0.0101100135334636,0.020214879240277,0.0142691469378295,0.0137967582225602,0.0146911596872243,0.0171705016974623,0.0271259135624722,0.00978746596270124,0.0264933790444859,0.0248230679317121,0.00807322171399423,0.0159434698449501,0.00653008533714844,0.0170024045673543,0.0093612336235349,0.0208662799090212,0.0285699367177683
"CLCNKB",4.27071519893018,4.17232466925226,7.11415017513322,3.87688688300842,9.61334869465318,1.46282735461872,2.26748647280214,6.20182373328827,3.58244056850535,5.47265651849306,6.28117142159654,3.44997282462776,5.69434901766539,5.97573734352724,8.49762512505482,4.45595843995225,0.855610906306728,2.30146225162607,2.33533432655413,11.6824655275929,3.29326256536099,3.67900620397554,14.0438113560855
"FAM131C",0.112265960971323,0.0485972057362878,0.0538961140466138,0.0348713032642401,0.0727455830090478,0.13229937573989,0.100360840595002,0.0740034549419681,0.0492285569355117,0.0550574858646767,0.0911642963052602,0.0552644660221528,0.0898097242547298,0.0782997277016099,0.105319127845864,0.0952885510927013,0.0534744539644695,0.0661044349912112,0.0385928043425473,0.0332963756110689,0.0316348048297354,0.141733141675909,0.0670472894123026
"EPHA2",0.502068477843931,0.511427736558076,0.290867917076963,0.588453242584052,0.581301330488714,0.83730832529561,0.986358195358547,0.704703867705451,1.03772371105365,0.369568875706032,0.577475584628585,0.865579522711023,1.87748123315359,2.70134060570554,0.912404303014053,2.94659790530652,3.63977239662261,0.358072120428695,0.98137136332207,0.35846736296172,0.74505623494485,2.48010641204367,0.610191844926644
"ARHGEF19-AS1",0.0210792109018444,0.0200559896689441,0.0119769142325808,0.00697426065284802,0.0150355612298336,0.0163112011421223,0.0120056410709881,0.0171878992123281,0.0114153175502636,0.00287882279030989,0.0124309812738052,0.0126979881082302,0.018198525684849,0.0137024523477817,0.0168271285391936,0.00561925703038192,0.0235714502598372,0.0092604858731559,0.00653008533714844,0.0170024045673543,0.0168899118151284,0.0276797590629873,0.0147627059256446
"ARHGEF19",0.125996192436025,0.104136869434902,0.0633065466579273,0.0226663471217561,0.0627955792540109,0.0807792818467008,0.109946397176417,0.104082278563542,0.0699188199953645,0.053258221620733,0.109618653050827,0.0775988162169621,0.0879595408101035,0.0411073570433452,0.0673085141567744,0.0266914708943141,0.222619252454018,0.066366815424284,0.0557568824941136,0.0595084159857401,0.0358910626071478,0.213347066008564,0.0957525509343894
"ANO7P1",0.0191629190016767,0.024684294977162,0.0239538284651617,0.00871782581606003,0.0283022329032162,0.0139810295503905,0.0259069096795006,0.0372404482933775,0.0128422322440465,0.0237502880200566,0.0361628546147059,0.0268068637840415,0.0374080805744118,0.023489918310483,0.0243058523343908,0.0112385140607638,0.0152756092933889,0.035498529180431,0.0160740562145192,0.0255036068510315,0.0194233985873976,0.0319381835342162,0.0481838318406456
"MT1XP1",0.0170070906139881,0.00539968952625419,0.00627932503336739,0.0481398341562835,0.0137000496147131,0.00349525738759763,0.0494126911448036,0.0212461531930166,0.0200909588884639,0.0182589335475405,0.00734557984361214,0.0109343786487538,0.0114549608894077,0.0208864523644045,0.00961016007682834,0.0245280569376171,0.00851191259383009,0.0123473144975412,0.0106189233867168,0.00566746818911811,0.00506697354453851,0.00851684894245764,0.00937841901443034
"MST1P2",0.26548307984923,0.151808414109546,0.336072213366218,0.0908048737000813,0.327554123615816,0.133658642501733,0.284660068551586,0.309258050994261,0.300279928159684,0.282966689116535,0.441299835220083,0.0998202954063649,0.382452127559149,0.296344894418668,0.362867678542966,0.29758180418645,0.294826461749986,0.25196238646545,0.400711152000263,0.337455224650565,0.303131692302016,0.167045216732893,0.558001578727844
"ESPNP",0.0191629190016767,0.0636391979879959,0.0230983345914059,0.0549223026411782,0.0163622283971719,0.00763519558224105,0.0453876420067933,0.0560230025992938,0.0363863246914652,0.0770085096407896,0.098125645818591,0.0155197632433924,0.0975643182548849,0.0685122617389087,0.0224361713855915,0.0463588705006508,0.0206250189773575,0.0686819368925729,0.0511506607601404,0.0177108380909941,0.0173121596105066,0.0249117831566886,0.0560080659812373
"MST1L",0.780793134723319,0.601347994854569,1.83046602192028,0.268944926425452,0.775176048099636,0.220007034452673,0.610537398527411,0.800335429156265,0.63446334944365,1.19667625453299,1.90513828734718,0.317096980813859,1.4863342544339,0.786129266124164,0.944338453619545,0.893461867830725,0.925179422698609,0.930802303397144,0.947254179006752,1.10881181386001,0.689319525954926,0.93317836335167,1.3550851799215
"RP11-108M9.3",0.0105396054509222,0.00578538163527235,0.011412288275902,0.00784604323445403,0.00729666942036042,0.00918864331006222,0.0142172065314332,0.0202912699034429,0.0190207728681267,0.016071028226905,0.0201494905556314,0.0181016874920659,0.0134770192988354,0.0114121853125096,0.0215013309111918,0.00632166415917966,0.00785715008661239,0.00668298397179418,0.0295511477218802,0.014877103996435,0.00457294362394601,0.00990083689560701,0.0126426173246562
"RP11-108M9.4",0.232858210248875,0.0669792916520931,0.0658730282791946,0.136294488808282,0.0744039169682207,0.0831094534384326,0.127007045014137,0.0858631053984744,0.0741995640767133,0.0927196850189058,0.0734557984361214,0.0677226032438942,0.123345562975088,0.0841722072792307,0.0719827165287726,0.0892057053573129,0.0612202944248549,0.0910614444193664,0.108751036576357,0.119300205380936,0.0876164175409784,0.124558915783443,0.0745311611662753
"RP11-108M9.5",0.154261497963498,0.0489828978453059,0.0402082120665214,0.110716387863962,0.0613937342805235,0.0466034318346351,0.0814045652197576,0.0730485716523943,0.043092823752245,0.0662129241771275,0.0644150847824449,0.0479701772977584,0.0746442861840223,0.0587247957762075,0.0601476361228731,0.0421444277278644,0.0605655319176372,0.0563346223950317,0.0784464174694209,0.0708433523639764,0.0555973672174488,0.106673533004282,0.0475687190937438
"MFAP2",0.0689865084060363,0.0563110479166509,0.0479076569303234,0.0453326942435121,0.0283022329032162,0.121945646633962,0.0830916737281543,0.0649320636910171,0.0428074408134884,0.0251896994152115,0.0248619625476103,0.0684280470276848,0.0475183726215502,0.0430648502358855,0.0729175570031723,0.0449540562430553,0.260595477872644,0.030868286243853,0.0472175401301502,0.123975866636959,0.0230125048481124,0.351532940099939,0.0538551713670808
"PADI2",0.273071595773894,0.438917620062662,0.474799099934455,0.225791688635955,0.299972713206854,0.0831094534384326,0.0909901218011728,0.605396005589777,0.164095189785039,0.283564044845524,0.861127975512684,0.325915028111241,0.407272894534874,0.569630519029212,0.332803208886273,0.545770339075844,0.333601497427418,0.166688745716806,0.0936816088752449,0.375469767529075,0.0658706560790006,0.342164406263236,0.421844321825295
"RP11-380J14.1",0.00143721892512576,0.000771384218036313,0.00171098774751155,0.00174356516321201,0.000884444778225506,0.00155344772782117,0.000631875845841478,0.00572929973744269,0.00142691469378295,0.000719705697577473,0.00113008920670956,0.00282177513516226,0.00808823363771067,0.00978746596270124,0.00186968094879929,0.00280962851519096,0.0576191006351575,0.00154341431219265,0.00100462851340745,0.00425060114183858,0.00380023015840388,0.00127752734136865,0.00164030065840496
"RP11-380J14.4",0.00191629190016767,0.000771384218036313,0.00171098774751155,0.00174356516321201,0.000442222389112753,0.00155344772782117,0.000631875845841478,0.00190976657914756,0.00142691469378295,0.000719705697577473,0.00113008920670956,0.00423266270274339,0.00505514602356917,0.00587247957762075,0.00186968094879929,0.00140481425759548,0.0185494218294774,0.00154341431219265,0.00175809989846304,0.00141686704727953,0.00126674338613463,0.000425842447122882,0.000410075164601239
"PADI1",0.0124558973510899,0.00462830530821788,0.00427746936877887,0.00348713032642401,0.000884444778225506,0.00388361931955292,0.00379125507504887,0.00859394960616403,0.0028538293875659,0.00647735127819726,0.00791062444696691,0.00423266270274339,0.0141544088659937,0.00587247957762075,0.00186968094879929,0.0224770281215277,0.0235714502598372,0.00154341431219265,0.00301388554022236,0.00708433523639764,0.00295573456764746,0.00809100649533476,0.00902165362122727
"PADI3",0.0052698027254611,0.000771384218036313,0.0034219754950231,0.00174356516321201,0.00132666716733826,0.00233017159173175,0.00189562753752443,0.000954883289573782,0.00142691469378295,0.00503793988304231,0.00113008920670956,0.00141088756758113,0.00101102920471383,0.00195749319254025,0.00186968094879929,0.00140481425759548,0.000654762507217699,0.00154341431219265,0.00100462851340745,0.00141686704727953,0.00168899118151284,0.0046842669183517,0.00574105230441735
"PADI4",0.0220373568519283,0.0100279948344721,0.00171098774751155,0.012204956142484,0.00132666716733826,0.0116508579586588,0.00758251015009773,0.00763906631659025,0.0128422322440465,0.0381444019716061,0.00678053524025736,0.00705443783790565,0.0333639637555565,0.00587247957762075,0.0243058523343908,0.0421444277278644,0.0340476503753203,0.0061736572487706,0.0261203413485938,0.00283373409455905,0.00971169929369881,0.021717964803267,0.0153778186725465
"ACTL8",0.00191629190016767,0.000771384218036313,0.00171098774751155,0.00174356516321201,0.000884444778225506,0.000776723863910585,0.000631875845841478,0.000954883289573782,0.0028538293875659,0.000719705697577473,0.00113008920670956,0.00141088756758113,0.00101102920471383,0.00195749319254025,0.00186968094879929,0.00140481425759548,0.000654762507217699,0.00154341431219265,0.00150694277011118,0.00141686704727953,0.000844495590756418,0.000425842447122882,0.000820150329202479
"IGSF21",0.11497751401006,0.0215987581050168,0.0307977794552079,0.0435891290803001,0.00707555822580405,0.0706818716158632,0.0732975981176114,0.0238720822393445,0.0613573318326668,0.025909405112789,0.0316424977878677,0.0578463902708263,0.0768382195582514,0.0215324251179427,0.0168271285391936,0.0604070130766056,0.0779167383589062,0.0339551148682383,0.0351619979692608,0.00425060114183858,0.00548922133991672,0.0992212901796315,0.0147627059256446
"KLHDC7A",1.30307849211402,1.41857557696878,1.24731006793592,1.77669290131303,1.06205013414097,0.648176064433383,0.667892769054442,0.952496081349847,1.89779654273132,1.82373423766132,1.64456231806409,1.71493383839486,1.24761003861687,1.03159891246871,1.48265699239784,0.754034052764373,0.681607770013625,1.34778654812223,1.0852499516084,0.714100991828882,0.21217951717755,1.16808583245807,0.441650952275535
"ALDH4A1",10.8327981116479,10.2839632595431,8.32652187326496,11.0193841384548,5.26679347652674,3.79876223742069,10.263350844974,6.70535278954632,9.98459299424824,12.5443479588068,6.74211220722923,5.81168574175316,6.83253536545609,7.7741842141736,6.74954822516543,7.0226664737198,0.544107643497908,12.7911695854416,11.2832339912074,5.55766099295395,3.00147667132079,1.22259366568979,4.47843087261013
"RP5-1126H10.2",0.0297025244525989,0.0192846054509078,0.0119769142325808,0.0226663471217561,0.0176888955645101,0.0155344772782117,0.0334894198295983,0.0296013819767872,0.027111379181876,0.0251896994152115,0.0192115165140625,0.0211633135137169,0.0475183726215502,0.0332773842731842,0.013087766641595,0.0168577710911457,0.0222619252454018,0.0154341431219265,0.020092570268149,0.00991806933095669,0.0232236287458015,0.0223567284739513,0.020503758230062
"AKR7L",0.279491173639455,0.151330155894364,0.140095676766246,0.197772596463138,0.142939542832915,0.0600795908734837,0.125850712216247,0.16999787204282,0.153364791287791,0.195522446860872,0.257795949834585,0.111855166357832,0.119351997616468,0.296775542921027,0.129007985467151,0.209415661379758,0.024010141139673,0.176227046166157,0.145656065016379,0.128113118415015,0.0561293994396253,0.0331007334148616,0.158338222555831
"AKR7A3",4.71861010475637,2.28759389548195,2.71571397260528,3.01101498730571,2.22016866009279,0.689769627345795,1.11981037400027,1.50952724832271,2.70921158335099,2.06423829062078,1.63192792073307,1.42516574976505,1.51895005657797,3.06962337495007,1.64264559118659,3.39796472627195,0.134992386113073,1.5606233817736,1.90318332522678,2.50683452941072,0.907465404481171,0.215506087215477,1.71844458177137
"NBL1",0.345890687980265,0.181275291238534,0.183075688983736,0.149946604036233,0.407065709178289,0.428363210946687,0.44041746455151,0.255908721605773,0.242575497943101,0.212313180785354,0.224130592366707,0.386583193517229,0.387729700007755,0.291666485688497,0.553425560844589,0.186840296260199,0.62333390687125,0.251576532887402,0.148182705727599,0.201195120713693,0.174810587286579,0.911941600513652,0.278851111928843
"HTR6",0.000958145950083837,0.000771384218036313,0.0034219754950231,0.00348713032642401,0.000442222389112753,0.000776723863910585,0.00189562753752443,0.000954883289573782,0.00142691469378295,0.00143941139515495,0.00226017841341912,0.00141088756758113,0.00101102920471383,0.00195749319254025,0.00186968094879929,0.00140481425759548,0.0019642875216531,0.00154341431219265,0.00150694277011118,0.00141686704727953,0.000844495590756418,0.00127752734136865,0.00410075164601239
"RNF186",1.3634416869693,0.859322018892453,0.436301875615445,0.795065714424675,0.894319604174394,0.600407546802882,1.37938497147195,0.786823830608796,1.06661873360275,0.930579466967672,0.889945250283778,0.584812896762378,0.525735186451193,0.769294824668318,0.409460127787044,1.3668842726404,0.0117857251299186,1.20039048130783,1.47579928619555,0.500154067689673,0.243425854035538,0.0246988619331272,0.591533424937288
"RP11-91K11.2",0.540873388822326,0.373349961529576,0.200185566458851,0.314713511959767,0.369697917298261,0.238065864288594,0.559526061492628,0.285510103582561,0.403816858340574,0.382163725413638,0.358611207965144,0.220098460542656,0.212316132989905,0.293623978881037,0.194446818675126,0.535234232143878,0.00392857504330619,0.439873078974905,0.618097692873935,0.182775849099059,0.106828692230687,0.0119235885194407,0.273110059624425
"PLA2G2A",0.00383258380033535,0.0107993790525084,0.00171098774751155,0.00523069548963602,0.0196788963155175,0.000776723863910585,0.125427355399533,0.00190976657914756,0.134129981215597,0.000719705697577473,0.00113008920670956,0.00141088756758113,0.00101102920471383,0.00195749319254025,0.00186968094879929,0.00140481425759548,0.0019642875216531,0.00154341431219265,0.000502314256703726,0.00141686704727953,0.00802270811218597,0.606612565926546,0.00410075164601239
"PLA2G2D",0.00191629190016767,0.00231415265410894,0.00171098774751155,0.00174356516321201,0.000884444778225506,0.0396129170594398,0.00442313092089034,0.0276916153976397,0.00856148816269769,0.0079167626733522,0.0203416057207721,0.007251962097367,0.00505514602356917,0.00195749319254025,0.00934840474399644,0.00280962851519096,0.0766072133444708,0.00154341431219265,0.00653008533714844,0.00283373409455905,0.00337798236302567,0.0698381613281527,0.0369067648141115
"RP3-340N1.2",0.000958145950083837,0.000771384218036313,0.00171098774751155,0.00348713032642401,0.000884444778225506,0.00233017159173175,0.00189562753752443,0.00286464986872134,0.00428074408134884,0.00287882279030989,0.00113008920670956,0.00423266270274339,0.00202205840942767,0.00195749319254025,0.00186968094879929,0.00140481425759548,0.0117857251299186,0.0030868286243853,0.00100462851340745,0.00141686704727953,0.00211123897689105,0.00809100649533476,0.00123022549380372
"UBXN10-AS1",0.00958145950083837,0.00462830530821788,0.0102659264850693,0.00697426065284802,0.00840222539314231,0.00854396250301643,0.00505500676673182,0.00954883289573782,0.00713457346891474,0.00359852848788736,0.0124309812738052,0.011287100540649,0.0090992628424245,0.0039149863850805,0.0149574475903943,0.00983369980316835,0.0026190500288708,0.0092604858731559,0.00401851405362981,0.0184192716146339,0.00168899118151284,0.00511010936547459,0.0149677435079452
"UBXN10",0.198336211667354,0.166618991095844,0.17623173799369,0.202253558932593,0.20320118779731,0.47185974732568,0.285607882320348,0.211984090285379,0.242575497943101,0.223108766249017,0.155952310525919,0.397164850274088,0.191084519690915,0.170301907751002,0.306627675603083,0.209317324381726,0.222619252454018,0.18057947452654,0.175056518461249,0.214655357662848,0.0561589567853018,0.302773979904369,0.247275324254547
"VWA5B1",0.0105396054509222,0.076367037585595,0.0941043261131352,0.0592812155492082,0.124927824924353,0.0450499841068139,0.0407559920567753,0.0639771804014434,0.104164772646155,0.175608190208903,0.125439901944761,0.0423266270274339,0.0839154239912482,0.0508948230060465,0.0486117046687815,0.0772647841677513,0.00687500632578584,0.166688745716806,0.157475519476618,0.102014427404126,0.046447257491603,0.103620242658411,0.175922245613932
"CAMK2N1",2.92138700180562,2.94861617344381,3.09175485975337,2.98904606624924,4.32722125527444,2.12770298212618,1.95997145490647,2.38243380748658,2.24759041076527,3.19753006436812,2.85215304256979,2.09022993137144,2.26958868961776,2.69253188633911,2.76432328279975,3.0751384098765,1.91223390232929,2.6713877939724,2.80751977414076,3.53319884978954,1.50489114272794,1.94248032255103,3.2032324355046
"FAM43B",0.0584469029551141,0.0192846054509078,0.0273758039601848,0.0313841729378161,0.0185733403427356,0.0178646488699434,0.0492863159756353,0.017665340857115,0.0214037204067442,0.0151138196491269,0.0395531222348346,0.0239850886488792,0.024264700913132,0.0176174387328622,0.0411329808735844,0.0224770281215277,0.0550000506062867,0.0123473144975412,0.0664059447362326,0.0226698727564724,0.0198456463827758,0.0511010936547459,0.0483888694229462
"CDA",0.184922168366181,0.108379482634102,0.136879019800924,0.0993832143030843,0.426744605493807,0.147189172211056,0.151018327156113,0.0945334456678044,0.0970301991772405,0.108675560334198,0.17968418386682,0.124158105947139,0.130422767408085,0.133109537092737,0.181359052033531,0.192459553290581,0.0320833628536673,0.0895180301071737,0.112016079244931,0.321628819732453,0.0776935943495905,0.143083062233288,0.232922693493504
"KIF17",0.153303352013414,0.0717387322773771,0.0804164241330428,0.0645119110388442,0.0663333583669129,0.124664180157649,0.0695063430425625,0.0649320636910171,0.081334137545628,0.0561370444110429,0.0519841035086397,0.0860641416224489,0.109191154109094,0.0645972753538282,0.071047876054373,0.0870984839709197,0.0883929384743894,0.0493892579901648,0.0816260667143555,0.0481734796075039,0.0485584964684941,0.178002142897365,0.0923366248132611
"SH2D5",0.0498235894043595,0.00848522639839945,0.0034219754950231,0.0174356516321201,0.00972889256048056,0.0341758500120657,0.0268547234482628,0.0124134827644592,0.028538293875659,0.013674408253972,0.0113008920670956,0.0409157394598528,0.048529401826264,0.0371923706582647,0.0299148951807886,0.0618118273342011,0.115892963777533,0.0123473144975412,0.0447059688466316,0.0155855375200748,0.00760046031680776,0.0204404374618983,0.0151727810902459
"RP5-1071N3.1",0.00191629190016767,0.00308553687214525,0.00171098774751155,0.00523069548963602,0.00309555672378927,0.00621379091128468,0.00505500676673182,0.0105037161853116,0.00428074408134884,0.00359852848788736,0.00452035682683824,0.00141088756758113,0.00707720443299684,0.00587247957762075,0.00373936189759858,0.00140481425759548,0.0150595376660071,0.00154341431219265,0.00401851405362981,0.00425060114183858,0.00253348677226925,0.0110719036251949,0.00820150329202479
"NBPF2P",0.00910238652579645,0.0177418370148352,0.0307977794552079,0.0270252600297861,0.022332230650194,0.018641372733854,0.0107418893793051,0.0286464986872134,0.0263979218349845,0.0223108766249017,0.0118659366704504,0.0366830767571094,0.0131433796612798,0.0137024523477817,0.0177619690135932,0.0133457354471571,0.0245535940206637,0.0192926789024081,0.0233576129367233,0.0432144449420256,0.00422247795378209,0.0344932382169535,0.0306859245671107
"HS6ST1P1",0.0910238652579645,0.108572328688611,0.177087231867445,0.100690888175493,0.0999776377306112,0.0908766920775384,0.103311700795082,0.0988304204708864,0.166235561825713,0.0748493925480572,0.127135035754825,0.226447454596771,0.123345562975088,0.112555858571064,0.219687511483916,0.0456564633718531,0.184315645781782,0.0655951082681876,0.100714008469097,0.0637590171275787,0.0166787879174393,0.156463031921889,0.145506970655458
"NBPF3",0.10331687779754,0.176199583083855,0.176419946645916,0.12147418492098,0.250129827729955,0.156478789623426,0.213466617000626,0.172518763927295,0.298824475172025,0.133886850920337,0.296309389999246,0.182117367223372,0.2527876320546,0.151216349123734,0.308927383170106,0.0899081124861107,0.195034108024936,0.169513193908119,0.176076216402357,0.164002360722605,0.072626620805052,0.293069030534439,0.176106779438002
"ALPL",3.75576923951713,2.87957728592956,1.87695355902017,2.83634462925513,1.91327516649633,0.815171695174159,2.21267124317539,1.39651681100166,4.13733915462366,2.58230404290797,2.12912196811701,1.55338721190682,2.97343689106338,3.14706180564696,1.8378963726697,5.27062427607445,0.287113359414961,4.27885380012105,3.5602376878113,1.39915620918853,2.43686380925286,0.223993127186636,1.53667876506187
"RAP1GAP",3.17960733535321,2.63466279670303,2.73758039601848,1.84090840627413,3.86760183737399,2.06041539379561,2.1875541783032,3.32569616742625,2.91268961868444,3.13323875440353,4.20114052861899,2.30962294813031,2.57913550122499,3.17896894468536,3.6955739697777,2.87705959955554,1.11386233440353,2.48258192116188,3.11405704929421,2.49156070264105,1.47505089102856,1.59733501915793,3.73218839032374
"U7",0.0373676920532696,0.0520684347174512,0.0938818977059587,0.0488198245699362,0.0542606871441348,0.0108741340947482,0.0221156546044517,0.0574553275336544,0.0414946792952081,0.0690917469674374,0.0766539508911094,0.0239850886488792,0.0323529345508427,0.0587247957762075,0.0598297903615772,0.0280962851519096,0.00720238757939469,0.0571063295511281,0.0534311674855753,0.0198361386619134,0.0148504549634516,0.0214837514573494,0.0640619422140056
"LDLRAD2",1.75436523460351,1.13033243621515,0.799031278087893,0.824706322199279,0.637463573906033,1.40412256498436,2.40018040042885,1.73168084564205,0.856148816269769,1.05688781689252,1.26174459929122,2.19181383623728,1.8891080690078,0.895885909429896,1.24240299047713,0.670096400873044,1.83486061685137,0.861225186203499,1.99092255644522,0.790611812381976,1.14541892708861,3.11312120969183,1.76578365877294
"HSPG2",3.70438387221413,4.86321494413648,2.59214643748,3.55716933903024,1.29607864468333,4.7038397198425,6.30259507427815,5.55837562860898,4.00318063511419,4.87348713114586,4.32296414510228,8.38181497036165,7.07737630796164,3.35122834562891,4.60969837926465,2.52445122089908,10.7291545148966,3.30522174956056,9.5896412895903,1.87876570469265,2.14593507823727,13.6264515554202,3.99590772867879
"WNT4",0.0172466271015091,0.0107993790525084,0.0102659264850693,0.00697426065284802,0.0238800090120887,0.0217482681894964,0.0252750338336591,0.0257818488184921,0.0242575497943101,0.0179926424394368,0.0113008920670956,0.0225742010812981,0.0293198469367012,0.0195749319254025,0.0355239380271865,0.0252866566367186,0.109345338705356,0.0108039001853486,0.0125578564175932,0.0396722773238268,0.0126674338613463,0.0383258202410594,0.037726915143314
"C1QA",2.69174816194903,0.455888072859461,0.260070137621755,0.807270670567159,0.289655664868853,2.97772627707401,3.58025909260548,1.90482983254047,2.46760638739967,0.587279849223218,0.791062444696692,4.31943228814963,3.29123370098108,0.803550955537772,2.06038840557682,2.34814703157084,4.3735385479612,0.875115915013233,1.17692230345683,0.712684124781602,0.427737016718126,4.70122822302061,0.77422191076714
"C1QC",2.14320960552603,0.409026481613755,0.280601990591894,0.653836936204502,0.119178933865887,3.03957679835721,3.58073299948986,1.69508016915269,2.62195574982617,0.645216157878204,0.558829112717877,3.99751007185464,3.04943595638172,0.753634879127996,1.97873943854275,2.09082720400708,4.49290830065206,0.767076913159747,1.16260634714077,0.327296287921571,0.260738013646044,5.87559097314926,0.476917416431241
"C1QB",2.85352152416118,0.385175281592072,0.238255043840983,0.753220150507587,0.193030072847717,3.47156730974836,3.65055528045534,1.53354256305549,2.97892699876985,0.496596931328456,0.628329598930515,4.29333086814938,3.56202776317164,0.953299184767101,2.1024562269248,2.69021930329534,4.51873213393672,0.7979451994036,1.15423276848152,0.432144449420256,0.260526889748355,5.95373732062078,0.551551096388667
"EPHB2",0.116893805910228,0.0863950324200671,0.133457044305901,0.0871782581606003,0.119842267449556,0.238842588152505,0.16681522330215,0.251134305157905,0.162668275091256,0.13962290533003,0.233928465788879,0.259603312434928,0.177941140029635,0.0841722072792307,0.28793086611509,0.169982525169053,0.654978578845081,0.0601931581755134,0.109504507961412,0.164356577484425,0.0382134254817279,0.40271920224411,0.129309001653709
"MIR4253",0.00287443785025151,0.00462830530821788,0.0068439509900462,0.00174356516321201,0.00309555672378927,0.00776723863910585,0.00695063430425625,0.00477441644786891,0.00713457346891474,0.00575764558061978,0.00452035682683824,0.00987621297306791,0.00404411681885533,0.00195749319254025,0.0205664904367922,0.00561925703038192,0.0301190753320142,0.00154341431219265,0.00452082831033353,0.00141686704727953,0.00126674338613463,0.0225696496975128,0.00451082681061363
"HTR1D",0.00287443785025151,0.000771384218036313,0.00171098774751155,0.00174356516321201,0.000884444778225506,0.00233017159173175,0.00252750338336591,0.00572929973744269,0.00142691469378295,0.000719705697577473,0.00226017841341912,0.00282177513516226,0.00101102920471383,0.0039149863850805,0.00186968094879929,0.00140481425759548,0.00458333755052389,0.00154341431219265,0.00100462851340745,0.00283373409455905,0.000422247795378209,0.00298089712986017,0.00246045098760744
"LINC01355",0.0076651676006707,0.059010892679778,0.0393527181927656,0.0435891290803001,0.0243222314012014,0.031845678420334,0.108050769638893,0.117450644617575,0.0527958436699691,0.0554173387134654,0.0881469581233456,0.105816567568585,0.163786731163641,0.0645972753538282,0.0729175570031723,0.0224770281215277,0.107381051183703,0.0509326723023575,0.062286967831262,0.0474650460838642,0.0515142310361415,0.138185874091375,0.117691572240556
"RP5-1057J7.7",0.011497751401006,0.0115707632705447,0.0119769142325808,0.013948521305696,0.0145933388407208,0.00155344772782117,0.0214837787586102,0.0210074323706232,0.0028538293875659,0.0115152911612396,0.00847566905032169,0.0141088756758113,0.00707720443299684,0.0039149863850805,0.0186968094879929,0.00561925703038192,0.0032738125360885,0.0138907288097339,0.0115532279041857,0.00566746818911811,0.00675596472605135,0.00681347915396611,0.00615112746901859
"TCEA3",1.06641644244331,1.45598771154354,1.60405101329208,1.49714709869525,1.6273430141438,0.924689759985551,1.14653872227936,1.36309589586657,0.998126828301172,1.62473561228114,1.22473417777148,1.23523206541728,1.06107515034717,1.35556403583412,1.33495219744269,0.841483740299692,0.610238656726896,1.33891191582712,1.0789710233996,1.42182608194501,0.48699104984355,0.963042694168398,1.11597855294581
"ASAP3",0.710225685499644,0.695788564668755,0.700649482605979,0.613734937450626,0.566929102842549,0.609339871237854,0.61165581877455,0.658869469805909,0.82761052239411,0.747054514085417,0.718171690863925,0.787980706494061,0.703170811878471,0.696867576544328,0.725903628371324,0.730503413949649,0.50940523061537,0.593442803038074,0.868501349840742,0.521407073398866,0.274883314791214,0.897390564095463,0.743056198257446
"E2F2",0.00574887570050302,0.00154276843607263,0.0034219754950231,0.00557940852227842,0.00221111194556376,0.018641372733854,0.00821438599593921,0.0114585994748854,0.00713457346891474,0.00575764558061978,0.010170802860386,0.00564355027032452,0.0151654380707075,0.0039149863850805,0.00934840474399644,0.00140481425759548,0.0484524255341097,0.0061736572487706,0.0140647991877043,0.00425060114183858,0.00422247795378209,0.0153303280964238,0.00984180395042974
"ID3",1.91293838934238,0.721629935972971,0.603978674871577,0.615182096536092,0.504279456976946,0.913815625890803,1.52640352452388,0.668895744346434,0.463747275479458,0.38720166529668,1.18998393466517,0.664528044330712,1.41291331358758,0.436520981936475,0.987191540966024,0.193161960419378,2.70822868235385,0.382766749423777,0.836102080283352,0.71835159297072,1.00313408748001,1.97271513629675,1.1578472272516
"HMGCL",3.61173115884102,2.5363113089034,2.7586768749453,2.66416756938794,2.94475888910182,1.81170841257144,2.31977419904552,2.09890986114634,2.56273879003417,2.45203731164645,1.72169090642201,1.87013147082879,2.03621281829366,2.2932032750609,2.3671656556558,2.67406393933299,0.599435075357803,2.96991499023671,2.69445385809932,2.81885699056262,0.972225548858327,0.911941600513652,1.78419193291189
"FUCA1",2.10619642747429,1.82563502882654,1.71440972300657,2.0617658054982,2.05592726477632,2.91724278979129,2.37111411152014,2.11936346120901,2.30197012974534,1.88526907480419,1.87575596797273,2.33219714921161,2.39512818596707,1.73433896859066,2.45489108577347,2.11986471471158,2.01699590348412,1.54881626228532,1.89786884039085,1.46362365983975,0.724999464664385,2.25483575751566,1.51543277078388
"RP11-293P20.2",0.266843647098349,0.385692109018157,0.207029517448897,0.356559075876855,0.0820322531804157,0.210492167119768,0.144067692851857,0.132967498073149,0.330330751610753,0.258374345430313,0.0723257092294118,0.236789260467141,0.174402537813136,0.224132970545858,0.299148951807886,0.142588647145941,0.0189881127093133,0.218902451898284,0.213483559099084,0.0410891443711063,0.0743156119865648,0.0779291678234874,0.0570004478795723
"MYOM3",3.75417871723999,4.99773663791983,2.80345342429767,4.43156726838106,1.13562709524155,2.86714410056906,2.25674458342284,1.76939873558022,3.98173410726663,3.55924695091359,1.16625206132427,2.9459332411094,2.65749026459031,3.14764905360472,3.98802946378888,1.82239529566574,0.266160959183995,2.93017207169775,2.59169040746287,0.716934725923441,1.06209254714867,1.02855003780931,0.811333713163552
"IL22RA1",0.171987198040049,0.0964230272545392,0.0427746936877887,0.141228778220172,0.0238800090120887,0.217482681894964,0.112473900559783,0.0792553130346239,0.0998840285648064,0.121990115739382,0.0519841035086397,0.1495540821636,0.111213212518522,0.113534605167334,0.0897446855423659,0.147505497047525,0.0216071627381841,0.0725404726730546,0.187865532007194,0.0340048091347087,0.0325130802441221,0.106886454227843,0.0381369903079153
"IFNLR1",0.0977308869085514,0.190531901854969,0.136879019800924,0.189176820208503,0.0855700322933177,0.167383992672731,0.121952038247405,0.174743641992002,0.177650879375977,0.112993794519663,0.153805141033171,0.209164081893902,0.156709526730644,0.150726975825599,0.174497322951438,0.176065370904441,0.146666801616765,0.115756073414449,0.116838296109287,0.0609252830330197,0.0596847258767099,0.242091431189358,0.16224623887448
"GRHL3",0.0134140433011737,0.00308553687214525,0.0068439509900462,0.0156920864689081,0.00530666866935304,0.0147577534143011,0.0189562753752443,0.0190976657914756,0.00713457346891474,0.00719705697577473,0.00904071365367647,0.0239850886488792,0.00808823363771067,0.00978746596270124,0.0186968094879929,0.0070240712879774,0.019642875216531,0.00771707156096325,0.00552545682374099,0.00850120228367716,0.00506697354453851,0.0281056015101102,0.0135324804318409
"RCAN3",0.235703903720624,0.305082458233362,0.266914088611802,0.383584335906641,0.336089015725692,0.672642866146566,0.400293348340576,0.436381663335218,0.245429327330667,0.295799041704341,0.273481588023713,0.617968754600535,0.412499915523244,0.258389101415313,0.556230082267788,0.25778341626877,0.801101927580855,0.205274103521622,0.27618744776341,0.229532461659283,0.108728807309889,0.807184358521423,0.365171934077404
"RP4-594I10.3",0.0258699406522636,0.0586252005707598,0.0633065466579273,0.0645119110388442,0.069871137479815,0.107964617083571,0.0777207290385017,0.0821199629033452,0.0385266967321396,0.0546976330158879,0.0491588804918658,0.107227455136166,0.090992628424245,0.0489373298135062,0.115920218825556,0.0519781275310327,0.127023926400234,0.035498529180431,0.0502314256703726,0.053840947796622,0.0295573456764746,0.181834724921471,0.0738135296282231
"NCMAP",0.0536561732046949,0.0624821216609414,0.0307977794552079,0.101126779466296,0.0331666791834565,0.463704146754619,0.152913954693638,0.134638543829903,0.0913225404021087,0.0331064620885637,0.0395531222348346,0.332264022165356,0.139855669888065,0.111577111974794,0.127138304518352,0.10255144080447,0.437708736075032,0.0200643860585045,0.073337881478744,0.14947947348799,0.00633371693067314,0.273816693500013,0.0725833041344194
"RUNX3",0.113061222109893,0.0563110479166509,0.0359307426977425,0.108101040119144,0.00884444778225506,0.288941277374738,0.152282078847796,0.210074323706232,0.115580090196419,0.0662129241771275,0.0497239250952206,0.340023903787052,0.202205840942767,0.0900446868568514,0.168271285391936,0.0814792269405378,0.925179422698609,0.0416721864292016,0.11050913647482,0.0439228784656653,0.0468695052869812,0.632163112753918,0.0978029267573956
"RHD",0.0210792109018444,0.00900205382448378,0.0153988897276039,0.010461390979272,0.00840222539314231,0.000776723863910585,0.0121130599647811,0.0114585994748854,0.00570765877513179,0.0111554383124508,0.028252230167739,0.0155197632433924,0.00269944797658594,0.00782997277016099,0.0430026618223836,0.00491684990158418,0.0189881127093133,0.0108039001853486,0.0115532279041857,0.0113349363782362,0.0103450709867661,0.0281056015101102,0.0234070903954387
"RP3-469D22.1",0.0392073322774306,0.0355068155562115,0.0563257166480802,0.0499880132292882,0.0552645319674207,0.0335311692050199,0.0227980805179605,0.0248269655289183,0.0441202023317688,0.0255495522640003,0.0267492115228153,0.0199922768326246,0.0341525665352333,0.0153271716975901,0.00560904284639787,0.0436616271260675,0.0149154899144192,0.0246946289950824,0.030867211074444,0.0758023870294547,0.019668302308717,0.0277862196747681,0.0363531633418999
"MAN1C1",3.69413171054823,1.62839208427466,1.93084967306678,1.39833926089603,2.19008427096145,1.27072024135772,1.93448790204368,1.68298179787379,4.66220118643784,2.04360432827123,2.39767636719947,2.05425229839812,2.71966856068021,2.61227466544496,1.42376204251066,2.79066352271342,0.9988402047606,2.92759456979638,3.89109199613177,0.752356402105429,2.48957300154992,1.50875979015637,1.13170493550827
