"","UTSW15_T","UTSW24_T","UTSW31_T","UTSW32_T","UTSW37_T","UTSW39_T","UTSW45_T","UTSW46_T","UTSW47_T","UTSW48_T","UTSW49_T","UTSW50_T","UTSW52_T","UTSW54_T","UTSW60_T","UTSW62_T","UTSW65_T","UTSW70_T","UTSW79_T","XP615_T","XP659_T","XP681_T","XP685_T"
"RP11-34P13.15",0.0213280946101582,0.00263021042001675,0.375136259028708,0.00177552868043821,0.00397769411928119,0.0192282456998995,0.0401600431034352,0.0351620619759816,0.0873257341440478,0.0405375712536685,0.0224726452177025,0.0309611424711369,0.0283568678977887,0.126406619566639,0.0138036735021817,0.00740838688700524,0.0159523153687426,0.0107320471582227,0.0149394123894459,0.119946631949525,0.0448095902726333,0.0793964177201839,0.0822700724423131
"RP11-34P13.16",0.0189410429617365,0.00523576261734585,0.0361866132858985,0.00951387451268143,0.00610973816721591,0.0252589227603225,0.0419145096329539,0.028990058927669,0.0764733640692461,0.0310748765685825,0.0247544830398077,0.0172915059838802,0.028117713590217,0.125464990120657,0.0175439326822207,0.00370419344350262,0.022255896956876,0.0100695751114188,0.0163170909948604,0.0128779414878572,0.0260204943514125,0.0681669568893422,0.0448436813806078
"RP5-857K21.4",0.0403115112697957,0.0154113891797857,0.0375136259028708,0.0222384967224886,0.0144549404294678,0.0147707887421955,0.0211651540295124,0.0250895365551294,0.0259937747919225,0.0423994713286917,0.0145622741010712,0.020714756830689,0.0243595744712329,0.0328143594811816,0.0244598836188966,0.0148167737740105,0.0349984131120292,0.0218118921410173,0.0303761331535293,0.0217619289556236,0.127406372342338,0.0151010040805131,0.012157557333656
"MTND1P23",0.328396158732569,0.772558555619421,3.459598450867,1.56190298803682,0.0110023019339318,0.192719462583083,1.07481864854328,1.05021564880628,1.98197897664516,2.37147148669499,4.40578629624082,0.355761052168347,0.515890006333264,0.0321010038402864,0.00893427947533847,0.26207168612781,0.485259765447229,2.44314722320915,1.28297496196327,13.2901380245461,0.716364064490076,0.818738083186147,0.526117703441279
"MTND2P28",7.15788510824369,29.1517892409196,37.8197319863436,32.2566953607762,0.275853087172151,12.6677430693274,33.5657944501262,15.0315807325512,24.5339950532275,37.3482778352862,7.3154061058276,7.89699573248814,16.7043475805657,2.21710933190244,2.7159221612038,6.54962520003081,9.84862112621445,9.07407836668661,135.338213434474,94.726374051082,36.5883973173083,22.0268058144434,12.3033583154116
"AC114498.1",0.696284603908847,2.81658548649763,3.2069556641742,2.69399487075657,0.0322193223661776,0.271817473303124,1.43078266696009,2.21928250872876,5.37816515386941,5.30612060937372,3.1254678382378,1.65778808585455,1.03932191458031,0.177853828388004,0.119264868193697,0.477840954211838,1.39606929651299,0.179695542695549,0.389110201236581,8.41654123379953,2.52865701107344,1.23402959324782,0.762149006829291
"MTCO1P12",22.2387689385971,36.5680291740896,117.949398343291,53.9328673540977,0.364221539726101,9.71928387370482,39.9860061085619,31.0504410382153,61.4541288576143,44.0794708368917,42.2521824618358,7.79002206438786,29.2877931224621,7.75203574960871,1.36649310578806,10.2017747256522,17.3746914835091,3.90050291717181,14.7546287263509,244.821879966651,47.6000322668778,22.2524870047974,13.8147764003688
"MIR6723",0.597116026254595,0.98345211485939,2.6131940764993,1.6132601551185,0.00954646588627486,0.252589227603225,0.982704085031027,0.700946814594609,1.68407029379451,0.953634579564862,10.3580916337435,0.11975536238836,0.704864615441269,0.107003346134288,0.0409311381966533,0.235216283662416,0.49452177643102,3.09354571696002,0.31890235542797,4.68862039462378,1.17188782560395,0.484737068926804,0.395335436201561
"MTCO2P12",0.453349131559565,0.737954849781076,1.11706390928324,0.854724710690619,0.0178996235367654,0.19438008380262,0.447743914903198,0.256023405258721,1.33654724479323,0.33142999753181,0.371662978600465,0.0622494215419688,0.644110880092783,0.0342410707629721,0.0204655690983267,0.0250033057436427,0.109809938156472,0.328205213787806,0.7640807157132,3.05670614337625,0.645671919836086,0.310620863844917,0.293868226625794
"MTATP8P1",0.00564982638679688,0.0119181409657009,0.0276375896957885,0.0125766614864373,0.000795538823856238,0.00524406700906349,0.014705066287874,0.00611464242518701,0.0342999168081716,0.0159086398815269,0.00944542565150205,0.00350503499673248,0.00363002073992777,0.00285342256358101,0.00564567423402115,0.00740838688700524,0.000966806992045005,0.00414045029252417,0.00336019172052315,0.0217619289556236,0.0064789985935244,0.00158832543576262,0.00141641444663954
"MTATP6P1",11.7134389958798,27.5411552319996,71.2011171583829,30.7297998798887,0.530624395512111,15.9504066554376,24.4819983571302,10.922036249342,8.01074248046589,23.2627916525376,17.3538053460341,8.91777875803652,9.96326240691549,5.91919683434372,7.13566646367843,8.37642228056299,9.35571391746015,11.0180197790267,29.123373035517,115.324142216657,26.7219776191329,16.7507341776223,10.8633700109985
"MTCO3P12",1.14923118533835,1.71142038445196,5.03096002567603,3.43828169752393,0.0165074305950169,0.750251186763351,1.19891926658791,1.05408175480494,5.43222923895731,2.60197000231178,1.07983480402084,0.357256533766953,1.46886013342964,0.145524550742631,0.0508110681061904,0.077788062313555,0.657264397401956,0.847748916493739,1.22324419393925,6.1698140861516,2.2007110022647,0.926680679800574,0.592155666325103
"RP11-54O7.1",0.00211868489504883,0.000821940756255236,0.0051038946806627,0.00443882170109554,0.013524160005556,0.0017480223363545,0.003042427507836,0.00229442492502327,0.0296647929151755,0.0271036086870458,0.00553172805358832,0.00233668999782165,0.00256236758112548,0.00285342256358101,0.00141141855850529,0.00185209672175131,0.0174025258568101,0.00331236023401934,0.00806446012925556,0.00256022693595571,0.00710599845741386,0.00238248815364393,0.00660993408431784
"RP11-54O7.3",0.0141245659669922,0.0501383861315694,0.0306233680839762,0.0266329302065732,0.019888470596406,0.0332124243907355,0.013183852533956,0.00573606231255817,0.0234846277245139,0.0883813326751494,0.149356657446885,0.0993093249074203,0.00683298021633463,0.011413690254324,0.0112913484680423,0.00555629016525393,0.0473735426102052,0.00662472046803867,0.0403223006462778,0.0409636309752914,0.0539219882944934,0.0277956951258458,0.0769585182674149
"PLEKHN1",0.158901367128662,0.0743856384410988,0.367480417007714,0.609598180283787,0.110182127104089,0.103133317844915,0.112569817789932,0.124472552182512,0.10537181650078,0.0730619016781235,0.161803045567458,0.0350503499673248,0.0555179642577188,0.131257437924726,0.166547389903624,0.162984511514115,0.143087434822661,0.044716863159261,0.106182058368532,0.348190863289977,0.156749965972364,0.135206202719293,0.30500124417638
"PERM1",0.921451372271653,0.0336995710064647,0.33047718057291,2.75650827638033,0.0485278682552305,0.0611807817724074,0.054763695141048,0.0688327477506981,0.0488233050062263,0.0359417419545608,0.0511684844956919,0.0689323549357388,0.0136659604326693,0.0570684512716202,0.0423425567551586,0.0463024180437827,0.0986143131885905,0.0568566634169419,0.0826607163248695,0.440359032984383,0.0417999909259639,0.034546078227837,0.150139931343791
"RP11-54O7.17",0.0486096937754036,0.109252365321446,0.0965401678847349,0.275917156940098,0.0159107764771248,0.00874011168177249,0.108036600803256,0.00688327477506981,0.104654917338663,0.0117841776900199,0.0230534766633293,0.0315453149705923,0.0102494703245019,0.00570684512716202,0.00846851135103173,0.0296335475480209,0.0901064116585944,0.014905621053087,0.0067203834410463,0.138252254541609,0.0112859975500102,0.0434804088040017,0.0396218334539967
"HES4",0.809690744057828,0.248226108389081,0.815347175235866,0.52674017519667,0.161494381242816,0.39068299217523,0.546115737656562,0.0504773483505119,0.906111099594035,0.114895732477694,0.331903683215299,0.295591284724439,0.0589344543658861,0.108430057416078,0.108679229004907,0.433390632889806,0.547212757497473,0.328470202606528,0.0591393742812074,0.499244252511364,0.158839965518663,0.171209569534442,0.195229124561816
"ISG15",0.530730566209732,0.255212604817251,2.68337262835841,0.230818728456968,0.343076117788003,3.14207014959721,0.290044755747032,0.147990407664001,0.629140816409346,0.491400209673831,1.88424486825352,1.5813549560258,0.374532728107842,0.559270822461878,0.522930575926209,7.08210300753431,0.481469882038412,0.740726557332574,0.235885458780725,0.732224903683334,0.490033833622352,0.249168552735261,1.43081466018037
"RP11-465B22.3",0.189798855181458,0.0369873340314856,0.104629840953585,0.116888971462182,0.0701426580994045,0.0716689157905344,0.031438417580972,0.0975130593134889,0.161302311476267,0.0271036086870458,0.102336968991384,0.0350503499673248,0.0111035928515438,0.0770424092166872,0.0409311381966533,0.024077257382767,0.0802449803397354,0.00828090058504834,0.0352820130654931,0.128011346797786,0.0110059376108063,0.0790191904291903,0.0212462166995931
"RP11-54O7.18",0.0529671223762207,0.00821940756255236,0.00255194734033135,0.0281125374402717,0.0230706258918309,0.013984178690836,0.007098997518284,0.0195026118626978,0.0469692554490278,0.00707050661401195,0.0193610481875591,0.00350503499673248,0.00170824505408366,0.011413690254324,0.00282283711701058,0.0129646770522592,0.0125684908965851,0.00165618011700967,0.00403223006462778,0.0102409077438229,0.00125399972777892,0.0202511493059734,0.00330496704215892
"RP11-465B22.8",0.00070622829834961,0.00904134831880759,0.0816623148906032,0.0133164651032866,0.00477323294313743,0.00524406700906349,0.014197995036568,0.0229442492502327,0.0420251232964986,0.0247467731490418,0.0221269122143533,0.00116834499891083,0.00170824505408366,0.0370944933265531,0.00564567423402115,0.00185209672175131,0.0251369817931701,0.00662472046803867,0.00739242178515093,0.07168635420676,0.0054339988203753,0.0250161256132613,0.0311611178260698
"TNFRSF18",0.045198611094375,0.0156168743688495,0.747720570717085,0.0103572506358896,0.0127286211816998,0.0891491391540794,0.0701786611807504,0.256975591602606,0.0383170241821016,0.326421722013552,0.0815929887904277,0.0455654549575222,0.0281860433923803,0.0285342256358101,0.0748051836007803,0.0425982246002801,0.0425395076499802,0.024842701755145,0.0342739555493361,0.00512045387191143,0.102409977768611,0.0609519885973905,0.0618500975032598
"TNFRSF4",0.0964001627247217,0.0345215117627199,0.449142731898317,0.0369901808424628,0.030230475306537,0.634532108096683,0.178489080459712,0.0929242094634424,0.0618016519066156,0.120198612438203,0.117549221138752,0.359850259664535,0.0772980886972855,0.0798958317802683,0.0959764619783596,0.0907527393658142,0.164357188647651,0.367671985976146,0.0725801411633,0.05376476565507,0.136685970327902,0.165980008037194,0.0660993408431784
"FAM132A",0.0105934244752441,0.13808604705088,0.0561428414872897,0.380259059060518,0.00901345487429118,0.0227242903726085,0.031438417580972,0.00803048723758144,0.0432611563346309,0.0930950037511574,0.0152122521473679,0.0140201399869299,0.0145200829597111,0.014267112817905,0.0112913484680423,0.108347658222452,0.0454399286261152,0.024842701755145,0.0302417254847084,0.266263601339394,0.0133759970963084,0.101652827888808,0.0417842261758664
"RP5-902P8.12",0.00353114149174805,0.00821940756255236,0.0293473944138105,0.0399493953098598,0.00159107764771248,0.013984178690836,0.00220068923066804,0.00229442492502327,0.0142143799385216,0.0125737175952513,0.00414879604019124,0.00739562384310553,0.00170824505408366,0.011413690254324,0.00141141855850529,0.00370419344350262,0.0122494445892102,0.00662472046803867,0.00537630675283704,0.0768068080786714,0.00292599936481747,0.01211098144769,0.00849848667983722
"RP5-902P8.10",0.0204806206521387,0.013972992856339,0.0484869994662956,0.0192348940380807,0.00715984941470614,0.00699208934541799,0.052228338884518,0.0195026118626978,0.039553057220234,0.0294604442250498,0.0186695821808606,0.0163568299847516,0.0145200829597111,0.0156938240996955,0.0112913484680423,0.00926048360875655,0.0436706718306729,0.00662472046803867,0.0100805751615695,0.10752953131014,0.0221539951907608,0.0571797156874543,0.0347021539426687
"SCNN1D",0.137008289879824,0.0821940756255236,0.438934942536992,0.203445994633545,0.0883048094480424,0.041952536072508,0.39044486350562,0.072274385138233,0.38255222530195,0.182654754195309,0.106485765031575,0.0625064574417292,0.134097236745567,0.11413690254324,0.0776280207177908,0.0444503213220314,0.373187498929372,0.0645910245633771,0.0497308374637426,0.407920957705824,0.140029969601979,0.368026915906967,0.409579844153266
"TAS1R3",0.00847473958019532,0.00657552605004189,0.468282336950803,0.0177552868043821,0.0127286211816998,0.0157322010271905,0.144261770996557,0.656205528556655,0.035844958105837,0.0777755727541315,0.0193610481875591,0.0595855949444522,0.0162283280137947,0.014267112817905,0.0225826969360846,0.0203730639392644,0.0183693328488551,0.0380921426912224,0.00940853681746482,0.0307227232314686,0.0158839965518663,0.0198540679470327,0.0467416767391047
"MXRA8",2.222168527606,0.455766149343528,2.33758376374352,0.846335337675549,4.91095662432342,0.821133492502525,0.926926247387367,0.600565724124841,0.500593380443586,0.276928175715468,2.11657744650423,2.80870137738163,0.269048596018176,0.944482868545314,1.66406248047773,0.271332169736567,2.9504822421831,2.52153422814722,1.46605164766425,3.56959640545625,0.869439811260048,7.06976358061428,0.954110935400859
"ANKRD65",0.0134183376686426,0.013972992856339,0.0344512890944732,0.00295921446739702,0.00477323294313743,0.00874011168177249,0.024339420062688,0.00267300503765211,0.0111242973431908,0.0247467731490418,0.0912735128842073,0.0128517949880191,0.0059788576892928,0.00856026769074303,0.0141141855850529,0.0351898377132749,0.0357718587056652,0.039748322808232,0.0188170736349296,0.332829501674243,0.0160929965064961,0.36968274517375,0.0174691115085543
"RP4-758J18.10",0.0105934244752441,0.00575358529378665,0.0561428414872897,0.0162756795706836,0.00238661647156871,0.0017480223363545,0.052735410135824,0.00803048723758144,0.00370809911439693,0.0329956975320558,0.0622319406028686,0.0210302099803949,0.00341649010816731,0.0456547610172961,0.00987992990953701,0.00185209672175131,0.00870126292840504,0.0811528257334738,0.00537630675283704,0.0947283966303614,0.0129579971870488,0.0694892378146146,0.00283282889327908
"VWA1",2.44448919592645,0.846598978942893,2.60171031346781,1.93236704721026,0.382518932674795,0.423021405397789,1.81937164968593,0.936285979154245,0.936913042904292,2.61219866854672,5.15602691350873,2.85835603983534,0.366845625364465,0.964456826490381,0.851791100057941,0.864003120696986,2.76764937191747,5.71395389809272,0.488235856992014,2.83417121810298,1.32422371253454,1.65354604896862,0.418786538056423
"ATAD3C",0.259093975815521,0.077467916277056,0.225668703305501,0.200590352672507,0.00743828800305583,0.0122361563544815,0.0733427857888998,0.132411262423093,0.179867527709014,0.0877685554352684,0.250891525870498,0.0843194585713944,0.0230613082301294,0.0758439717399832,0.0108255803437356,0.0283926427444476,0.254366919607041,0.125588138272843,0.0230038725187015,0.670318616371925,0.0357515322389769,0.0556390400147646,0.0312555454558458
"TMEM240",0.0293084743815088,0.00904134831880759,0.0331753154243075,0.00739803616849256,0.0453457129598056,0.013984178690836,0.00912728252350799,0.00229442492502327,0.0290467763961093,0.00235683553800398,0.00829759208038248,0.033882004968414,0.00341649010816731,0.014267112817905,0.00987992990953701,0.0407461278785288,0.0125684908965851,0.019874161404116,0.0134407668820926,0.0460840848472029,0.00752399836667349,0.00516205766622851,0.00991490112647676
"C1orf233",0.0296615885306836,0.0702759346598227,0.13270126169723,0.0340309663750658,0.560059331994792,0.115369474199397,0.043608127612316,0.0493301358880003,0.126322576497122,0.0282820264560478,0.0995711049645897,0.0771107699281146,0.0862663752312246,0.0970163671617543,0.103033554770886,0.535255952586128,0.233000485082846,0.0430606830422514,0.101477789959799,0.565810152846213,0.0819279822148892,0.3271950397671,0.0467416767391047
"MMP23B",0.00600294053597168,0.0127400817219562,0.226689482241634,0.00912917663191982,0.398668370799077,0.0262203350453175,0.0594084678030109,0.0183553994001861,0.0333728920295724,0.0200331020730339,0.0182132146164395,0.145073398514757,0.0381536532829585,0.0404329977259429,0.029639789728611,0.0237624009400693,0.0196551861482749,0.033405152960085,0.131692633910743,0.0409636309752914,0.0174180562188491,0.0240909260469295,0.0193576641040737
"RP11-345P4.7",0.0195413370153337,0.013422292549648,0.0246773307810041,0.0757115021483529,0.00901345487429118,0.0361316216924475,0.055443170617798,0.053540405625418,0.0292569020125918,0.0151190999762956,0.0198174157519801,0.0426445924602452,0.029894288446464,0.0390062864441524,0.0190541505398214,0.0123534851340812,0.0642926649709928,0.0281550619891644,0.0212834543577936,0.00427557898304604,0.0156039366126623,0.0291179760511182,0.0665714789920583
"RP11-345P4.6",0.00647611349586592,0.00657552605004189,0.0106416204091817,0.0409407321564378,0.00702460781465058,0.0101909702209467,0.01842696927246,0.0160609744751629,0.00535202305511291,0.00727083763474229,0.0149771537050904,0.0105151049901974,0.00854122527041828,0.0228273805086481,0.0119970577472949,0.0101865319696322,0.0122494445892102,0.0121398002576809,0.00795021361075777,0.00512045387191143,0.00787093829135899,0.0101930784840066,0.0155002954277253
"MMP23A",0.00294497200411787,0.00794816711298813,0.049329142088605,0.00616996216452279,0.0643034031322997,0.011064981389124,0.028903061324442,0.00937272581872005,0.0105062808241246,0.0170870576505289,0.00944542565150205,0.0552977687984494,0.0166553892773156,0.0251957212364203,0.0110514073130964,0.0166688704957618,0.00403158515682767,0.0104836201406712,0.0440185115388533,0.00939603285495747,0.00626999863889458,0.00562664285618908,0.00920669390315699
"CALML6",0.00635605468514649,0.000821940756255236,0.0893181569115972,0.00887764340219107,0.00636431059084991,0.00699208934541799,0.01521213753918,0.00917769970009307,0.0284287598770432,0.00235683553800398,0.00276586402679416,0.00467337999564331,0.00854122527041828,0.0171205353814861,0.00141141855850529,0.0166688704957618,0.00386722796818002,0.004968540351029,0.00336019172052315,0.0256022693595571,0.00417999909259639,0.00952995261457572,0.0193576641040737
"TMEM52",0.0141245659669922,0.00328776302502094,0.0408311574453016,0.0251533229728747,0.0222750870679747,0.010488134018127,0.007098997518284,0.0103249121626047,0.0284287598770432,0.00942734215201594,0.0290415722813387,0.00350503499673248,0.00683298021633463,0.00285342256358101,0.00141141855850529,0.0222251606610157,0.0106348769124951,0.00331236023401934,0.00739242178515093,0.0409636309752914,0.00334399927407711,0.0329577527920744,0.0141641444663954
"CFAP74",0.0211868489504883,0.0123291113438285,0.0791103675502718,0.0310717519076687,0.00636431059084991,0.00874011168177249,0.032452560083584,0.0160609744751629,0.0296647929151755,0.0153194309970259,0.016595184160765,0.0397237299629681,0.00939534779746011,0.00856026769074303,0.00423425567551586,0.00926048360875655,0.0528553382551004,0.0596224842123481,0.00806446012925556,0.0204818154876457,0.0213639753622601,0.0377227290993622,0.0193576641040737
"GABRD",0.139833203073223,0.110962002094457,0.211811629247502,0.291482625038607,0.0755761882663426,0.0681728711178254,0.165812299177062,0.0378580112628839,0.0939385108980556,0.137874878973233,0.251693626438268,0.514071799520764,0.12128539883994,0.0485081835808771,0.0748051836007803,0.0222251606610157,0.358685394048697,0.346141644455021,0.0564512209047889,0.104969304374184,0.177231961526087,0.155191307514776,0.254010324097357
"RP5-892K4.1",0.0508484374811719,0.0221924004188914,0.0229675260629821,0.100613291891499,0.000795538823856238,0.00874011168177249,0.0275846760710464,0.0412996486504188,0.0333728920295724,0.0329956975320558,0.0373391643617211,0.0186935199825732,0.0204989406490039,0.011413690254324,0.0366968825211375,0.0333377409915236,0.0647760684670153,0.014905621053087,0.019153092806982,0.0102409077438229,0.0229899950092801,0.0291854798821381,0.0415481571014264
"PLCH2",0.0210102918759009,0.223707615629988,0.372584311688377,1.34693085305277,0.0445501741359493,0.0734169381268889,2.22266569869964,0.0384316174941398,0.019776528610117,0.0854352882526445,0.0798643237736813,0.053743869949898,0.0623509444740535,0.0670554302441537,0.0564567423402115,0.0703796754265497,0.0232033678090801,0.0612786643293577,0.00604834509694167,0.112649985182051,0.0459799900185602,0.0892122689131969,0.0439088478458257
"RP3-395M20.12",0.0194212782046143,0.0164388151251047,0.0459350521259643,0.00887764340219107,0.0155130070651966,0.020976268036254,0.039298021976215,0.0223706430189769,0.0123603303813231,0.0141410132280239,0.0117549221138752,0.0140201399869299,0.0059788576892928,0.014267112817905,0.00776280207177908,0.0314856442697723,0.0135352978886301,0.0124213508775725,0.00940853681746482,0.00512045387191143,0.0135849970509383,0.0250161256132613,0.012275591870876
"RP3-395M20.8",0.63883999412109,0.359944295979293,0.322821338551916,0.329952413114768,0.0202862400083341,0.235546009823769,0.69029637725291,0.247797891902513,0.110315948653309,0.277423111178449,0.188424486825352,0.203093411160669,0.218441836290948,0.267993447171528,0.0838664907463842,0.153112835987181,0.29431538451834,0.120073058483201,0.227652989065443,0.158734070029254,0.228052390493874,0.435201169398958,0.372162895854538
"TNFRSF14",2.25541069360931,1.11290778396959,3.11401374203933,1.46655709789729,0.0680185694397084,1.21169412311421,2.15926150943634,1.24120357956521,0.66037537128295,1.12501187571082,1.00992759074362,0.739176830460913,1.00295337737887,1.1509279910204,0.35779460458109,0.696388367378492,1.15489929234736,0.645910245633771,1.11577182195003,1.69722564038376,1.25236116813462,1.4493429893198,1.86605993410675
"TTC34",0.0211868489504883,0.0263021042001675,0.0676266045187808,0.0362503772256135,0.00596654117892179,0.00437005584088625,0.122711242816052,0.0137665495501396,0.0148323964575877,0.0659913950641116,0.0380306303684197,0.00642589749400955,0.0222071857030875,0.0185472466632766,0.0063513835132738,0.00740838688700524,0.0145021048806751,0.0289831520476692,0.00302417254847084,0.0460840848472029,0.00794199827593313,0.0164788763960372,0.0564205087911416
"LINC00982",0.00918096787854493,0.00164388151251047,0.0280714207436448,0.00887764340219107,0.00238661647156871,0.010488134018127,0.012169710031344,0.0034416373875349,0.00618016519066156,0.00471367107600797,0.00553172805358832,0.00584172499455413,0.00768710274337645,0.00285342256358101,0.00282283711701058,0.00926048360875655,0.00483403496022502,0.0414045029252417,0.00201611503231389,0.0281624962955129,0.00752399836667349,0.00754454581987244,0.00236069074439923
"PRDM16",0.0240117621438867,0.00904134831880759,0.0178636313823194,0.0473474314783524,0.0119330823578436,0.290171707834847,0.024339420062688,0.0034416373875349,0.00865223126692618,0.0424230396840717,0.0193610481875591,0.026871934974949,0.00768710274337645,0.00285342256358101,0.0112913484680423,0.0574149983742906,0.0338382447215752,0.0927460865525414,0.049058799119638,0.0115210212118007,0.0519699287182509,0.0138978475629229,0.0179412496574341
"ARHGEF16",0.0547326931220948,0.646456404794743,0.581843993595548,1.2916971150188,0.0143196988294123,0.914215681913403,0.257592195663448,0.125046158413768,0.118659171660702,0.841779164931193,0.777207791529159,0.153053194857318,0.0469767389873006,0.393772313774179,0.0112913484680423,0.0388940311567775,0.0995811201806355,0.0645910245633771,0.127351266207827,0.614454464629371,0.0810919823963699,0.140368260385521,0.186494568807539
"MEGF6",1.78711070897369,1.16331741055072,0.158220735100544,3.79593235805353,1.19450154402014,1.30839471876134,0.270776048197404,0.174376294301768,0.93567700986616,0.594511764461505,0.522748301064096,0.577746601961404,0.220363611976792,0.373798355829112,0.0352854639626322,0.307448055810717,0.236867713051026,0.391686597672787,0.104165943336218,0.202257927940501,0.584572873099605,0.912890044204566,0.885886972887721
"RP11-46F15.2",0.0070622829834961,0.0115071705875733,0.163962616616289,0.0310717519076687,0.00636431059084991,0.0122361563544815,0.01521213753918,0.0149137620126512,0.00988826430505849,0.0106057599210179,0.0235098442277504,0.00584172499455413,0.0059788576892928,0.0285342256358101,0.00705709279252644,0.00926048360875655,0.00773445593636004,0.0165618011700967,0.00604834509694167,0.05376476565507,0.00794199827593313,0.0317665087152524,0.012275591870876
"TP73",0.0112996527735938,0.0624674974753979,0.155668787760212,0.0488270387120509,0.00397769411928119,0.256959283444111,0.057806122648884,0.110132396401117,0.019776528610117,0.0212115198420359,0.0401050283885153,0.0560805599477197,0.0187906955949202,0.0228273805086481,0.00846851135103173,0.0333377409915236,0.0232033678090801,0.130838229243764,0.079972562948451,0.110089758246096,0.0275879940111361,0.0486424664702302,0.0278561507839109
"TP73-AS1",0.763715281835268,0.550840036619571,0.502733626045276,0.599980733264747,0.540504987704405,0.489446254179259,0.415565173295319,0.400686896781439,0.416333008234106,0.559713087742876,0.694840360811229,0.590014224449967,0.534356135367909,0.78848625699434,0.100210717653875,0.244161910828475,1.64561184922972,0.570007510871218,0.174057931123099,0.585011854865881,0.58612783276205,0.857509107073112,0.781978809082245
"SMIM1",0.0642667751498145,0.0189046373938704,0.058694788827621,0.112450149761087,0.00318215529542495,0.0358344578952672,0.019268707549628,0.0401524361879072,0.00988826430505849,0.0447798752220757,0.0732953967100452,0.0292086249727707,0.00512473516225097,0.0428013384537151,0.00423425567551586,0.0129646770522592,0.0551079985465653,0.04968540351029,0.012768728537988,0.21505906262028,0.0250799945555783,0.0629373953920938,0.144474273557233
"LINC01134",0.00353114149174805,0.0238362819314018,0.0280714207436448,0.0221941085054777,0.019252039537321,0.045448580745217,0.170375940438816,0.00917769970009307,0.0123603303813231,0.0176762665350299,0.0511684844956919,0.0140201399869299,0.0316025335005476,0.014267112817905,0.0112913484680423,0.0203730639392644,0.0174025258568101,0.0314674222231837,0.0137767860541449,0.0435238579112471,0.0758669835306244,0.0494366291881115,0.0387153282081474
"AJAP1",0.0169494791603906,0.166032032763558,0.178636313823194,0.27816615993532,0.000795538823856238,0.00699208934541799,0.044622270114928,0.0447412860379537,0.00370809911439693,0.0294604442250498,0.22749231620382,0.117418672390538,0.0059788576892928,0.0913095220345923,0.00846851135103173,0.246328863992924,0.233483888578869,0.157337111115918,0.00403223006462778,0.153613616157343,0.0102409977768611,0.00516205766622851,0.139280753919555
"KCNAB2",0.968945225335665,0.465423953229527,2.30696039565954,0.0917356484893077,0.225535256563244,1.57147208038269,1.08969611905659,1.18851211116205,0.682908253568102,1.12715659605041,0.858109314312888,0.97556807409054,0.652831471093881,1.04007252442528,0.651129723595244,1.20015867569485,0.640993035725838,0.776748474877534,0.984872193285335,0.570930606718124,0.551688820238149,0.825929226596562,0.620153458553678
"CHD5",0.00918096787854493,0.00410970378127618,0.0357272627646389,0.00147960723369851,0.0111375435339873,0.0017480223363545,0.011155567528732,0.012619337087628,0.00988826430505849,0.0106057599210179,0.00553172805358832,0.00350503499673248,0.00256236758112548,0.014267112817905,0.00423425567551586,0.00185209672175131,0.00290042097613501,0.00910899064355318,0.00806446012925556,0.00256022693595571,0.00668799854815422,0.0317665087152524,0.0297447033794303
"RP1-120G22.11",0.0148307942653418,0.00493164453753141,0.0102077893613254,0.0177552868043821,0.0119330823578436,0.010488134018127,0.00912728252350799,0.00458884985004654,0.0148323964575877,0.0117841776900199,0.0110634561071766,0.00350503499673248,0.00256236758112548,0.0285342256358101,0.0352854639626322,0.00740838688700524,0.00580084195227003,0.004968540351029,0.00134407668820926,0.0153613616157343,0.00250799945555783,0.00893433057616473,0.0051935196376783
"RNF207",0.266954296776153,0.169319795788579,0.650746571784494,0.421732449821087,0.162687689478601,0.246471149425984,0.297143753265316,0.376285687703816,1.15569089065371,0.460172138795278,0.308739571990898,0.234253172281621,0.156731483712175,0.590658470661269,0.665780248232529,0.392866756617888,1.03883411295236,0.300182646208002,0.169353662714367,0.884558406372699,0.105126977178799,0.784037143228323,0.112841017582283
"GPR153",0.237878877733099,0.482479223921823,0.0969739989325913,0.379519255443668,0.611769355545447,1.08027780386708,0.413770141065696,0.237472979739908,0.110006940393776,0.181476336426307,0.700219966343343,0.420604199607898,0.360439706411652,0.131257437924726,0.0945650434198543,0.150019834461856,0.101514734164725,0.35111018480605,0.257390685792073,0.168974977773077,0.290718936890079,0.445922366090355,0.151556345790431
"ACOT7",0.330514843627617,1.29866639488327,0.620123203700518,0.941770004249103,0.452924118586072,0.276187529144011,0.339230667123714,0.262711653915164,0.679200154453705,0.577424706810976,1.3255403348411,0.329858843542494,0.0905369878664338,0.602072160915593,0.244175410621415,1.24646109373863,0.214147748737969,0.6508787859848,0.245966033942295,0.417316990560781,0.2894649371623,0.626264806880433,0.241498663152041
"HES2",0.0515546657795215,0.178361144107386,0.0229675260629821,0.00887764340219107,0.244230418923865,0.0297163797180265,0.06338390641325,0.00458884985004654,0.00494413215252924,0.103700763672175,0.0401050283885153,0.0245352449771274,0.00939534779746011,0.014267112817905,0.00423425567551586,0.053710804930788,0.0686432964351953,0.0598046640252191,0.0275535721082898,0.0102409077438229,0.0146299968240873,0.0223159723724648,0.012275591870876
"ESPN",0.0903972221887501,0.47097205333425,0.311337575520425,0.276686552701622,0.0214795482441184,0.0227242903726085,0.452307556164952,0.0137665495501396,0.0407890902583663,0.142588550049241,0.404507613918646,0.0560805599477197,0.0153742054867529,0.0342410707629721,0.0127027670265476,0.0333377409915236,0.560429009078728,0.0430606830422514,0.0349459938934408,0.450599940728206,0.0275879940111361,0.301714328963878,0.0505187819301435
"RP1-202O8.2",0.0070622829834961,0.0254801634439123,0.00765584202099405,0.0133164651032866,0.000795538823856238,0.0017480223363545,0.022311135057464,0.00114721246251163,0.00123603303813231,0.00707050661401195,0.00829759208038248,0.00350503499673248,0.000854122527041828,0.00570684512716202,0.00141141855850529,0.00185209672175131,0.0299710167533951,0.00165618011700967,0.00201611503231389,0.00512045387191143,0.000417999909259639,0.012706603486101,0.000944276297759692
"TNFRSF25",0.189269183957695,0.0969890092381178,0.740064728696091,0.192348940380807,0.140014832998698,0.195778501671704,0.396783254146945,0.0608022605131166,0.185404955719847,0.213293616189361,0.210897132043055,0.196866132316474,0.110608867251917,0.156938240996955,0.0790394392762961,0.251885154158178,0.321298967666316,0.326267483050905,0.199259369027023,0.687420932304109,0.209894474435635,0.229246980957208,0.261328465404995
"RP3-467L1.6",0.0120058810719434,0.00986328907506283,0.0102077893613254,0.0221941085054777,0.00875092706241862,0.010488134018127,0.006084855015672,0.00917769970009307,0.0135963634194554,0.00471367107600797,0.00553172805358832,0.00817841499237579,0.0128118379056274,0.0228273805086481,0.00846851135103173,0.0148167737740105,0.0193361398409001,0.0115932608190677,0.0168009586026158,0.00256022693595571,0.010449997731491,0.0158832543576262,0.0082624176053973
"PER3",0.857361154196426,0.554810010472284,0.569084256893891,2.02558230293326,0.0751784188544145,0.134597719899296,0.253535625653,0.336133251515909,0.113715039508173,0.271625295754959,0.452218768380845,0.489536554543636,0.604573548316017,0.693381682950185,0.530693377997988,0.174097091844623,2.3996149542557,0.274925899423605,0.150536589079437,0.16129429696521,0.25393494487523,0.164391682601431,0.453960830147972
"RP3-467L1.4",0.0964001627247217,0.0435628600815275,0.0331753154243075,0.236737157391762,0.00914869647434674,0.00524406700906349,0.026367705067912,0.0435940735754421,0.0111242973431908,0.0247467731490418,0.0484026204688978,0.0408920749618789,0.0409978812980078,0.0827492543438493,0.0522224866646956,0.0111125803305079,0.233000485082846,0.0281550619891644,0.0161289202585111,0.00256022693595571,0.0280059939203958,0.0186628238702108,0.0349382230171086
"UTS2",0.140539431371572,0.0945231869693521,0.316951859669154,0.350666914386547,0.0318215529542495,0.03496044672709,0.047664697622764,0.0642438979006515,0.0222485946863816,0.0494935462980837,0.0788271247636335,0.0736057349313821,0.0879746202853083,0.131257437924726,0.0776280207177908,0.0222251606610157,0.389623217794137,0.0645910245633771,0.0241933803877667,0.03584317710338,0.0476519896555988,0.0369285663814809,0.0760142419696552
"TNFRSF9",0.799238565242253,0.106852298313181,0.320269391211584,0.00147960723369851,0.107660269032465,0.713193113232635,0.169361797936204,0.363666350616188,0.122367270775099,0.51476823403314,0.127229745232531,0.109824429897618,0.169970382881324,0.889782758001466,0.272869549915827,0.311763441172398,0.139220206854481,0.0521696736858046,0.366025684116587,0.0281624962955129,0.10321253759439,0.139673368007375,0.006137795935438
"ERRFI1",8.07418807622037,1.96731520009691,1.16623993453143,18.2003970484957,9.69934458205531,10.3217747323761,1.59372494285476,8.5438648145554,2.55405214768394,3.77957466305316,7.13056341291695,9.19537752977774,17.2235942884302,3.4432250074732,5.17002617980487,13.4154218314318,7.46447508383147,4.46920204575059,13.1740214225506,0.684860705368153,0.45081290213652,11.6261927581865,1.37038097712375
"SLC45A1",0.0483766384369483,0.0320556894939542,0.0484869994662956,0.165716010174233,0.365152320150013,1.55748790169186,0.028395990073136,0.0573606231255817,0.0111242973431908,0.0612777239881036,0.0553172805358832,0.0899625649161336,0.193458752374974,0.0542150287080392,0.151021785760066,0.0425982246002801,0.0551079985465653,0.0927460865525414,0.0682118919266199,0.0256022693595571,0.0449349902454112,0.320643197344579,0.0174691115085543
"ENO1-IT1",0.0120058810719434,0.00493164453753141,0.0102077893613254,0.00443882170109554,0.00397769411928119,0.013984178690836,0.006084855015672,0.00917769970009307,0.0111242973431908,0.0117841776900199,0.00829759208038248,0.00467337999564331,0.0290401659194222,0.0299609369176006,0.0183484412605687,0.0185209672175131,0.0676764894431503,0.0132494409360773,0.0168009586026158,0.00512045387191143,0.00417999909259639,0.0142949289218636,0.0378371512512308
"SLC2A5",2.18454068386993,0.735636976848436,2.20615847571645,3.32282794507843,8.40773161380704,0.968404374340392,3.06169621538563,0.749932786743855,2.13487626346213,1.88544486204781,2.83051609842047,0.612014160779458,6.30554247343576,4.17692555124679,0.189130086839709,0.185820864093309,0.538511494569068,0.607818102942548,2.29546121080786,0.458280621536073,1.93505951993292,0.461539575937491,0.316568628823937
"MIR34AHG",0.0608556924687859,0.0764404903317369,0.31261354919059,0.199746976549299,0.076769496502127,0.281676319280164,0.175446652951876,0.372844050316281,0.454341024156675,0.314048335439031,0.324989023148314,0.200079081063479,0.322858315221811,0.428013384537151,0.278755165304794,0.185209672175131,0.342733078679954,0.139947219887317,0.213640989590862,0.400675515477069,0.322695929948441,0.5528841717482,0.800566888003644
"RP3-510D11.2",0.0240117621438867,0.0135620224782114,0.058694788827621,0.057704682114242,0.0373903247212432,0.024472312708963,0.032452560083584,0.0493301358880003,0.0321368589914401,0.0365309508390618,0.0539343485224861,0.0280402799738598,0.0264777983382967,0.0513616061444582,0.0423425567551586,0.0425982246002801,0.0734773313954204,0.0182179812871064,0.0201611503231389,0.0742465811427157,0.0384559916518867,0.0845108256233396,0.0601976139821803
"SPSB1",5.62440216805629,0.984685025993773,0.923804937199948,0.541536247533655,1.55965386417015,0.391557003343408,2.29939572044726,0.535748219992933,1.2032781626218,1.11949688055189,0.867098372399969,2.39695323286547,0.762586215818756,0.910241797782342,0.275932328187784,0.557481113247144,1.37818336716015,1.19576204448098,0.815182511398916,1.34283902790877,1.43617662823154,0.853327840363467,1.15226731648573
"SLC25A33",0.355020965580349,0.0575358529378665,0.0944220515922599,0.360535894635316,0.068678866663509,0.0402045137361535,0.073018260188064,0.16864023198921,0.113097022989106,0.0925057948666564,0.204673937982768,0.174083404837713,0.0550909029941979,0.119843747670402,0.0592795794572221,0.160206366431488,0.215597959226036,0.144087670179841,0.0762763520558755,0.0460840848472029,0.0453529901546708,0.061845421655007,0.0410760189525466
"PIK3CD-AS2",0.0787444552659815,0.0115071705875733,0.0382792101049702,0.16867522464163,0.0445501741359493,0.017480223363545,0.022311135057464,0.0424468611129305,0.00370809911439693,0.0176762665350299,0.0608490085894715,0.0198618649814841,0.00256236758112548,0.00856026769074303,0.0127027670265476,0.00555629016525393,0.0309378237454402,0.00828090058504834,0.00403223006462778,0.07168635420676,0.0125399972777892,0.010919737370868,0.0410760189525466
"RBP7",0.112290299437588,0.0575358529378665,0.1709804718022,0.0414290025435583,0.188144931842,0.466721963806651,0.469547978709356,0.0550661982005584,0.0667457840591448,0.183833171964311,0.382380701704293,0.0689323549357388,0.112744173569521,0.00856026769074303,0.0183484412605687,0.0333377409915236,0.269739150780556,0.124213508775725,0.0598114126253121,0.0435238579112471,0.0430539906537428,0.190797592970985,0.182009256393181
"CASZ1",0.129239778597979,0.180415995998024,0.176084366482863,0.14944033060355,0.102624508277455,0.143337831581069,0.24339420062688,0.0699799602132097,0.137817683751753,0.608063568805028,0.0912735128842073,0.0858733574199458,0.352752603668275,0.191179311759928,0.0522224866646956,0.131498867244343,0.173058451576056,0.395827047965311,0.0873649847336019,0.0486443117831586,0.12665397250567,0.136000365437174,0.331913118662532
"RP4-734G22.3",0.0529671223762207,0.0665772012566741,0.0842142622309345,0.0547454676468449,0.0580743341415054,0.122361563544815,0.105470820271648,0.0412996486504188,0.0669929906667713,0.285177100098482,0.052551416509089,0.0560805599477197,0.144346707070069,0.102723212288916,0.0254055340530952,0.0722317721483011,0.0879794362760954,0.173898912286015,0.0403223006462778,0.0460840848472029,0.0689699850278404,0.0710775632503772,0.203019404018334
"ANGPTL7",0.00141245659669922,0.00164388151251047,0.0102077893613254,0.00147960723369851,0.00159107764771248,0.003496044672709,0.001014142502612,0.00229442492502327,0.00247206607626462,0.00117841776900199,0.00138293201339708,0.00233668999782165,0.000854122527041828,0.00285342256358101,0.00141141855850529,0.00185209672175131,0.00193361398409001,0.00331236023401934,0.00134407668820926,0.00256022693595571,0.00376199918333675,0.00119124407682196,0.000944276297759692
"PTCHD2",0.00494359808844727,0.00493164453753141,0.0051038946806627,0.00147960723369851,0.0190929317725497,0.003496044672709,0.00507071251306,0.0599418511662329,0.00370809911439693,0.00235683553800398,0.00414879604019124,0.0186935199825732,0.00427061263520914,0.00285342256358101,0.00141141855850529,0.00740838688700524,0.0270705957772601,0.0115932608190677,0.00940853681746482,0.00256022693595571,0.0163019964611259,0.0408993799708874,0.00755421038207753
"FBXO2",0.086866080697002,0.0238362819314018,0.237331102650816,0.0192348940380807,0.132059444760136,0.124109585881169,0.048678840125376,0.120457308563722,0.250914706740859,0.0624561417571056,0.282118130733004,0.033882004968414,0.0384355137168823,0.122697170233983,0.0381083010796428,0.0740838688700524,0.0435063146420252,0.0231865216381354,0.0113104053312809,0.0921681696944057,0.0626999863889458,0.0343475375483666,0.0422563643247462
"DRAXIN",0.00847473958019532,0.00246582226876571,0.0306233680839762,0.00295921446739702,0.0640408753204272,0.0157322010271905,0.013183852533956,0.0103249121626047,0.00741619822879387,0.00824892438301395,0.0110634561071766,0.00934675999128661,0.0341649010816731,0.00570684512716202,0.019759859819074,0.00370419344350262,0.00483403496022502,0.004968540351029,0.00201611503231389,0.00256022693595571,0.0463979899278199,0.0226336374596173,0.0108591774242365
"C1orf167",0.204099978223037,0.135620224782114,0.181188261163526,0.309237911842989,0.08034942120948,0.117117496535751,0.13115904986281,0.283361478240374,0.119895204698834,0.489632583020328,0.52551416509089,0.246520794770184,0.128118379056274,0.185472466632766,0.0804508578348014,0.0685275787047984,0.294876132573726,0.274925899423605,0.127015247035775,0.163854523901166,0.0831819819426681,0.171936228421304,0.210219510788751
"MTHFR",0.843116529418715,0.56755009219424,0.854902359011002,1.27098261374702,0.319011068366352,0.582091438006048,0.434813597994895,1.13038285568659,0.546944619373548,1.75083420029471,1.96560275860167,0.855812711702181,0.590198666185903,0.881707572146532,0.333094779807248,0.37504958615464,1.21430958200853,1.16926316260883,0.609538778102899,0.563249925910257,0.281313938931737,0.658162352444135,0.757309590803273
"NPPA-AS1",0.00564982638679688,0.000821940756255236,0.206707734566839,0.00591842893479405,0.00238661647156871,0.00874011168177249,0.013183852533956,0.0195026118626978,0.00865223126692618,0.00824892438301395,0.00760612607368394,0.00934675999128661,0.00683298021633463,0.0199739579450671,0.00141141855850529,0.0166688704957618,0.00676764894431503,0.00662472046803867,0.00201611503231389,0.104969304374184,0.00877799809445241,0.0123095221271603,0.0259675981883915
"NPPA",0.00776851128184571,0.00246582226876571,0.206707734566839,0.0295921446739702,0.00397769411928119,0.0017480223363545,0.016226280041792,0.0114721246251163,0.0111242973431908,0.0106057599210179,0.00276586402679416,0.00817841499237579,0.00512473516225097,0.0342410707629721,0.00564567423402115,0.00926048360875655,0.00773445593636004,0.00662472046803867,0.00201611503231389,0.05376476565507,0.010449997731491,0.0119124407682196,0.0297447033794303
"NPPB",0.00141245659669922,0.000821940756255236,0.0051038946806627,0.00147960723369851,0.529828856688255,0.0017480223363545,0.001014142502612,0.00114721246251163,0.00247206607626462,0.00117841776900199,0.00138293201339708,0.00233668999782165,0.000854122527041828,0.00285342256358101,0.00141141855850529,0.00185209672175131,0.000966806992045005,0.00165618011700967,0.00134407668820926,0.00256022693595571,0.000417999909259639,0.000397081358940655,0.00472138148879846
"PLOD1",19.0568644026659,3.72729584442843,2.8364894687783,8.5790142742137,7.54197057796901,13.5738654078235,2.45888991183305,6.67400027765843,3.44915019290821,3.31924932994791,6.17306277480121,5.67543445085916,13.8390312803237,6.52577740290977,7.2325744619054,10.2796553928019,5.58419984149258,7.47074695721072,6.97975663995348,5.47120496213736,5.3932939892116,6.61653491751942,31.6610507477742
"TNFRSF8",0.0346051866191309,0.00986328907506283,0.0791103675502718,0.00295921446739702,0.00318215529542495,0.024472312708963,0.024339420062688,0.0183553994001861,0.0271927268389108,0.0400662041460677,0.016595184160765,0.0373870399651465,0.0059788576892928,0.0399479158901341,0.029639789728611,0.0296335475480209,0.0135352978886301,0.0314674222231837,0.0698919877868815,0.0256022693595571,0.0142119969148277,0.0154861729986855,0.0217183548484729
"TNFRSF1B",2.63266372602171,0.872079142386805,2.141083818538,0.229339121223269,0.447753116231007,3.63501244844918,1.70307992891141,1.18564408000577,1.89215645576409,2.07401527344351,1.67818799825736,2.59197338008367,2.03181229100291,4.22734552794526,1.83813273129819,2.22034911293712,1.79391037373951,2.36557174652842,1.75020962070201,0.622135145437238,0.965370790435135,1.6848162059852,0.475126783362255
"DHRS3",2.67097661120717,1.73922664023608,1.62176253478057,3.69339557675822,1.43873196294401,1.17641903236658,0.924897962382143,0.8282873979334,4.74574884990901,1.51073157986055,1.69201731839133,1.48146145861893,2.61048030307375,1.92606023041718,0.263935270440489,0.386162166485148,3.20093359347236,0.435575370773543,1.98620932600123,1.60782251578019,0.504003390589809,1.4776072404492,1.71551396395492
"RP11-474O21.5",0.041667469602627,0.00986328907506283,0.0229675260629821,0.0443882170109554,0.0143196988294123,0.003496044672709,0.00507071251306,0.0137665495501396,0.0519133876015571,0.0212115198420359,0.00829759208038248,0.0280402799738598,0.0469767389873006,0.0256808030722291,0.00423425567551586,0.00740838688700524,0.0203029468329451,0.00165618011700967,0.0275535721082898,0.0128011346797786,0.00501599891111566,0.0125080628066306,0.00849848667983722
"PDPN",0.367944943440147,0.059179734450377,0.0255194734033135,0.0207145012717792,6.72614551410444,0.024472312708963,0.013183852533956,0.23862019220242,0.124839336851363,0.0153194309970259,0.0248927762411474,0.0782791149270254,0.109754744724875,0.413746271719246,0.155256041435582,0.246328863992924,0.0357718587056652,0.04968540351029,0.414311639140504,0.00512045387191143,0.671725854180239,0.0659155055841487,0.134087234281876
"KAZN",1.36160815921805,0.38302439241494,0.528253099448589,1.24557775754442,0.0509144847267992,0.248219171762339,0.499972253787716,0.636702916693957,0.319514540357202,0.503184387363851,1.06347471830235,0.209133754805038,0.462934409656671,0.864587036765046,0.159490297111098,0.166688704957618,1.5425405558078,0.578834950894879,0.273069340360034,0.750146492235024,1.07175176734171,0.461408539089041,1.2872846629209
"TMEM51-AS1",0.505659461618321,0.123702083816413,0.444038837217655,0.150919937837248,0.0413680188405244,0.027968357381672,0.722069461859744,0.143401557813954,0.187877021796111,0.226256211648383,0.372008711603814,0.0969726349095986,0.141784339488943,0.330997017375397,0.117147740355939,0.0314856442697723,0.435546549916275,0.177211272520035,0.085348869701288,0.3584317710338,0.366514860436129,0.107609048272917,1.07035134765508
"FHAD1",0.0402550130059278,0.0263021042001675,0.13270126169723,0.0177552868043821,0.0111375435339873,0.0192282456998995,0.053749552638436,0.114721246251163,0.0321368589914401,0.0648129772951096,0.0898905808708102,0.0724373899324713,0.0486849840413842,0.19688615688709,0.0381083010796428,0.194470155783887,0.0154689118727201,0.04968540351029,0.12634320869167,0.0128011346797786,0.0298869935120642,0.0211763488723051,0.0708207223319769
"RP3-467K16.2",0.00635605468514649,0.00739746680629712,0.0153116840419881,0.00295921446739702,0.00318215529542495,0.00699208934541799,0.00811314002089599,0.0217970367877211,0.0111242973431908,0.00589208884500996,0.0193610481875591,0.00817841499237579,0.0059788576892928,0.0342410707629721,0.00846851135103173,0.0648233852612958,0.00483403496022502,0.0132494409360773,0.0221772653554528,0.00256022693595571,0.00459799900185602,0.0043678949483472,0.00708207223319769
"EFHD2",1.67470035072538,0.766870725586135,4.12394690197546,0.661384433463235,0.817416141512285,2.64860344404434,1.38709340794756,1.6373016264966,2.50420293525606,2.39729062001382,1.17704109524252,1.43648017616086,0.753763130114413,4.36907502667833,1.79144300538284,7.34295230982576,1.16258540793412,1.53561020449136,1.7412513495751,0.978006689535083,1.13187269429053,1.49133831384136,1.18955206610277
"DNAJC16",0.822932524651883,0.595085107528791,0.389171969400531,1.35014160074989,0.282416282468965,0.382816891661635,0.429489349856182,0.446265647917026,0.451152058918294,0.487864956366825,0.861566644346381,0.484863174547993,0.394604607493325,0.76471724703971,0.362734569535859,0.61582215998231,0.774412400628049,0.571382140368336,0.357524399063663,0.432678352176516,0.281313938931737,0.405221526798938,0.408635567855507
"RP4-680D5.8",0.0328396158732569,0.0221924004188914,0.0102077893613254,0.0710211472175286,0.0103420047101311,0.013984178690836,0.026367705067912,0.0206498243252094,0.0222485946863816,0.0212115198420359,0.0456367564421036,0.0362186949662356,0.019644818121962,0.0313876481993911,0.0239941154945899,0.0185209672175131,0.0319046307374852,0.0231865216381354,0.0100805751615695,0.0409636309752914,0.0125399972777892,0.0182657425112701,0.00849848667983722
"AGMAT",0.240823849737217,0.287679264689333,0.058694788827621,1.51670098704733,0.0262527811872559,0.10488134018127,0.16733351293098,0.0504773483505119,0.1606842949572,0.128447536821217,0.56354479545931,0.0315453149705923,0.035019023608715,0.0513616061444582,0.0190541505398214,0.114829996748581,0.242987601310671,0.0563101239783287,0.0752682945397186,0.330269274738287,0.010449997731491,0.044274571521883,0.0169969733596744
"SLC25A34",0.0413143554534522,0.17425144032611,0.183740208503857,0.476433529250921,0.0182973929486935,0.024472312708963,0.036509130094032,0.0195026118626978,0.0729259492498064,0.0259251909180438,0.016595184160765,0.0373870399651465,0.0273319208653385,0.0285342256358101,0.0169370227020635,0.0611191918177932,0.0203029468329451,0.0364359625742127,0.0604834509694167,0.135692027605653,0.0351119923778096,0.0401052172530061,0.125116609453159
"RP11-169K16.4",0.00918096787854493,0.0189046373938704,0.0153116840419881,0.0547454676468449,0.00159107764771248,0.0017480223363545,0.00912728252350799,0.00803048723758144,0.00865223126692618,0.00707050661401195,0.00276586402679416,0.00701006999346496,0.00427061263520914,0.00570684512716202,0.00423425567551586,0.0129646770522592,0.00676764894431503,0.0132494409360773,0.00604834509694167,0.00768068080786714,0.00794199827593313,0.00476497630728786,0.0193576641040737
"TMEM82",0.00141245659669922,0.17425144032611,0.00765584202099405,0.177552868043821,0.00238661647156871,0.0017480223363545,0.01521213753918,0.00114721246251163,0.00247206607626462,0.00589208884500996,0.0069146600669854,0.00467337999564331,0.00256236758112548,0.00285342256358101,0.00141141855850529,0.00185209672175131,0.000966806992045005,0.004968540351029,0.00336019172052315,0.01792158855169,0.000417999909259639,0.00516205766622851,0.00188855259551938
"FBLIM1",0.504656617434664,0.686073949246245,0.63500105669465,0.430195803197842,0.119593351390308,0.58092026304069,1.1906844294667,0.158888926057861,0.197938330726508,0.43189011233923,0.635913627720379,4.18057207510272,0.777892091503345,0.296755946612425,0.298091599556317,0.331210456750787,0.570928533012337,4.20255704691203,0.729497622525576,0.455720394600117,1.33666756983319,0.631954982754052,0.711837965684655
"RPL12P14",0.0130652235194678,0.00484123105434334,0.0181698650631592,0.00690976578137205,0.008671373180033,0.0128479641722056,0.00914756537356023,0.00688327477506981,0.00210125616482493,0.00593922555577004,0.00673487890524378,0.00632074644410757,0.00562012622793523,0.0261658849080379,0.00328860524131732,0.0300780507612413,0.00249436203947611,0.00566413600017307,0.00235213420436621,0.01792158855169,0.0039291991470406,0.00310120541332651,0.00670436171409381
"UQCRHL",0.032627747383752,0.135209254403986,0.105905814623751,0.0781676501562924,0.247150046407418,0.0486474616207457,0.118401137179951,0.106690759013582,0.248442640664595,0.121377030207205,0.0940393769110014,0.166489162344793,0.0427061263520914,0.169293560697261,0.0338740454041269,0.201878542670893,0.0599420335067903,0.115932608190677,0.0483867607755334,0.01792158855169,0.358923982083974,0.0710775632503772,0.201957093183354
"RP11-169K16.8",0.0293084743815088,0.0328776302502094,0.0165876577121538,0.0118368578695881,0.0255924839634552,0.0122361563544815,0.059327336402802,0.0034416373875349,0.0593295858303509,0.0117841776900199,0.0248927762411474,0.0163568299847516,0.0264777983382967,0.0214006692268576,0.0229355515757109,0.0166688704957618,0.00725105244033754,0.00882744002366153,0.0215052270113482,0.00256022693595571,0.037966931758053,0.0307063014868808,0.0219544239229128
"C1orf64",0.00070622829834961,0.000821940756255236,0.00255194734033135,0.00147960723369851,0.000795538823856238,0.003496044672709,0.001014142502612,0.00229442492502327,0.00123603303813231,0.00117841776900199,0.00138293201339708,0.00116834499891083,0.000854122527041828,0.00285342256358101,0.00282283711701058,0.00185209672175131,0.000966806992045005,0.00165618011700967,0.00067203834410463,0.00256022693595571,0.000417999909259639,0.000397081358940655,0.000472138148879846
"RP11-5P18.5",0.00070622829834961,0.000821940756255236,0.00255194734033135,0.00147960723369851,0.000795538823856238,0.0017480223363545,0.001014142502612,0.00114721246251163,0.00123603303813231,0.00117841776900199,0.00138293201339708,0.00116834499891083,0.000854122527041828,0.00285342256358101,0.00141141855850529,0.00185209672175131,0.000966806992045005,0.00331236023401934,0.00067203834410463,0.00256022693595571,0.000417999909259639,0.000397081358940655,0.000944276297759692
"HSPB7",0.0872191948461768,0.0304118079814437,0.0178636313823194,0.0784191833860211,0.00556877176699367,0.020976268036254,0.068961690177616,0.0699799602132097,0.0111242973431908,0.0106057599210179,0.0373391643617211,0.181093474831178,0.00427061263520914,0.014267112817905,0.0621024165742327,0.024077257382767,0.0609088404988353,1.97140087868012,0.0241933803877667,0.0435238579112471,0.0167199963703855,0.0444731122013533,0.00424924333991861
"CLCNKA",0.212341662464777,0.0095920486254986,0.0659167998007587,0.0271212005936937,0.0111375435339873,0.0801118636751266,0.324190933809978,0.106885785132209,0.0183303699555022,0.00530287996050897,0.0527865149513665,0.0630906299411846,0.00427061263520914,0.0485081835808771,0.0964422301026663,0.00185209672175131,0.111985253888573,0.218334224825385,0.0656379850686992,0.127576108218673,0.00919599800371205,0.0608844847663706,0.0159724335766052
"RP11-5P18.10",0.0951077649387419,0.00369873340314856,0.00849798464330339,0.0382182548464326,0.00357992470735307,0.0171830595663647,0.011835043005482,0.0418732548816747,0.0133862378029729,0.0159086398815269,0.0281150078323626,0.00350503499673248,0.00911348736353631,0.00285342256358101,0.00987992990953701,0.00648233852612958,0.0344860054062453,0.00165618011700967,0.00414647658312557,0.0392482789282011,0.0413109310321301,0.0479793406007993,0.010542844864487
"CLCNKB",0.0184819945678093,0.0395928862288147,0.0123259056538004,0.0226823788925982,0.0143196988294123,0.00756893671641498,0.0236599445859379,0.0212234305564652,0.0195664029936345,0.0271036086870458,0.0239662117921714,0.0122676224885637,0.0119577153785856,0.0156938240996955,0.0061114423583279,0.00185209672175131,0.00611988825964488,0.0110467213804545,0.0266597611106307,0.17109996612992,0.0054339988203753,0.0181982386802502,0.00511325615236873
"FAM131C",0.788736950445795,0.0393134263716879,0.175650535435007,0.235509083387792,0.0155130070651966,0.124686433252166,0.051893671858656,0.254302586564954,0.110624956912842,0.178730623024532,0.289267889242267,0.00817841499237579,0.0451232931036198,0.0413746271719246,0.045631161996476,0.0512475162908587,0.316987008481796,0.00579663040953384,0.0371838815793092,0.442074385031473,0.318946470762382,0.355518853100337,0.077822531079865
"EPHA2",0.203393749924688,0.438916363840296,0.495077784024282,1.02092899125197,0.716382710882542,0.402045137361535,0.306271035788824,0.188521423964537,2.32250607865061,0.423641187956216,0.476420078615294,0.484863174547993,0.805864604263965,1.25835935053922,0.804508578348014,3.62640538118906,1.01788340543474,0.828918148563339,0.346099747213884,0.51972606799901,1.23294089235042,1.27628699146628,1.35137741663134
"ARHGEF19-AS1",0.0628543185531153,0.0147949336125942,0.135253209037562,0.0177552868043821,0.0580743341415054,0.027968357381672,0.00912728252350799,0.0332691614128374,0.0247206607626462,0.0141410132280239,0.0262757082545445,0.0210302099803949,0.0162283280137947,0.0199739579450671,0.0211712783775793,0.0370419344350262,0.0502739635863402,0.0132494409360773,0.0154568819144065,0.135692027605653,0.00668799854815422,0.0532089020980477,0.0439088478458257
"ARHGEF19",0.423383864860591,0.0879476609193102,0.237331102650816,0.0887764340219107,0.364356781326157,0.0996372731722064,0.0821455427115719,0.196173331089489,0.132255535080157,0.115484941362195,0.123772415199039,0.121507879886726,0.103348825772061,0.178338910223813,0.203244272424761,0.196322252505639,0.274573185740781,0.176101631841638,0.0947574065187528,0.389154494265269,0.0555939879315319,0.298605181923372,0.223321344420167
"ANO7P1",0.025424218740586,0.0147949336125942,0.0280714207436448,0.0429086097772568,0.0107397741220592,0.013984178690836,0.021296992554852,0.0504773483505119,0.0216305781673154,0.0129625954590219,0.0456367564421036,0.0128517949880191,0.0162283280137947,0.0256808030722291,0.0155256041435582,0.0611191918177932,0.0183693328488551,0.00828090058504834,0.0067203834410463,0.0281624962955129,0.00626999863889458,0.0190599052291514,0.0113313155731163
"MT1XP1",0.0254454055895364,0.00328776302502094,0.00426175205835335,0.00147960723369851,0.0257038593987951,0.00699208934541799,0.027807787421621,0.0150055390096522,0.00741619822879387,0.00392413117077663,0.00138293201339708,0.017910728833303,0.0104886246320737,0.00856026769074303,0.0112913484680423,0.00370419344350262,0.00676764894431503,0.00662472046803867,0.0307995173103152,0.0128011346797786,0.0054339988203753,0.0115828632402989,0.0371572723168439
"MST1P2",0.111110898179344,0.177563861573819,0.776634134083039,0.0369901808424628,0.0103420047101311,0.200008715725682,1.02857375042417,0.132984868654349,0.34238115156265,0.0830784527146405,0.0973860723834223,0.0323281061198626,0.0798604562784109,0.19688615688709,0.0348196958383254,0.0450615132402093,0.259181618427425,0.142298995653471,0.185932848663428,0.925726855502867,0.059477207088554,0.601439280319463,0.342616490497638
"ESPNP",0.00282491319339844,0.00945231869693521,0.00765584202099405,0.0229339121223269,0.000795538823856238,0.00262203350453175,0.006591926266978,0.00573606231255817,0.00247206607626462,0.0164978487660279,0.0539343485224861,0.00116834499891083,0.00128118379056274,0.011413690254324,0.00141141855850529,0.00185209672175131,0.0534934308698501,0.00331236023401934,0.00067203834410463,0.0230420424236014,0.000626999863889458,0.0207475010046492,0.000708207223319769
"MST1L",0.0541465236344646,0.151952187608905,0.51485537591185,0.0326697277200631,0.00517100235506555,0.0549228618082583,0.808667090157782,0.100954696701024,0.0941486365145381,0.0430122485685727,0.0351541317805538,0.0280402799738598,0.0675440094384678,0.342410707629721,0.0199998009740199,0.0265405460226963,0.219735893151989,0.0779729599088152,0.10405169681772,0.915281129604168,0.0233202149375952,0.452910998007711,0.136268512529701
"RP11-108M9.3",0.00447042512855303,0.00164388151251047,0.00255194734033135,0.00517862531794479,0.000795538823856238,0.00262203350453175,0.002028285005224,0.00229442492502327,0.00123603303813231,0.00117841776900199,0.00138293201339708,0.00233668999782165,0.0029894288446464,0.00713355640895252,0.00141141855850529,0.0129646770522592,0.00193361398409001,0.0024842701755145,0.00067203834410463,0.00512045387191143,0.00606099868426476,0.00178686611523295,0.00708207223319769
"RP11-108M9.4",0.128342868659075,0.0180826966376152,0.0765584202099405,0.0946948629567048,0.137827101233093,0.0307302326731121,0.07352533143937,0.028106705331535,0.01606842949572,0.0789539905231335,0.017051551725186,0.0502388349531655,0.0552617274996063,0.172632065096651,0.0705709279252644,0.0463024180437827,0.0897486930715378,0.0695595649144061,0.0810343835321363,0.0153613616157343,0.0247455946281706,0.034546078227837,0.0474498839624245
"RP11-108M9.5",0.116492357812768,0.0123291113438285,0.058694788827621,0.0872968267882122,0.104215585925167,0.0262203350453175,0.0662539296956419,0.0160609744751629,0.0148323964575877,0.0388877863770658,0.0248927762411474,0.026871934974949,0.0437310733845416,0.0870293881892208,0.0682138589325606,0.0194470155783887,0.0776636056709752,0.0695595649144061,0.0532052757027636,0.00768068080786714,0.0152569966879768,0.0325606714331337,0.0507548510045834
"MFAP2",0.0236586479947119,0.0184936670157428,0.187568129514354,0.0562250748805435,0.0238661647156871,0.405541182034244,0.07098997518284,0.0195026118626978,0.0797241309595341,0.00707050661401195,0.0138293201339708,0.189271889823554,0.481725105251591,0.0699088528077347,0.0726880557630223,0.298187572201961,0.0507573670823627,0.35111018480605,0.165321432649739,0.01792158855169,0.414655909985561,0.0651213428662674,0.0804995543840137
"PADI2",2.76117608947239,0.320556894939542,2.39883049991147,0.134851403279282,0.0182973929486935,0.146833876253778,0.0750465451932879,0.0412996486504188,0.287377681365762,0.158497189930768,0.383072167710991,2.49733743517189,0.571126110157059,1.06147319365214,0.0282283711701058,0.0814922557570576,0.428972262370369,0.0778404654994544,0.397255305967129,0.217619289556236,0.0873619810352645,0.304561402307482,0.0720010677041765
"RP11-380J14.1",0.0331927300224317,0.0501383861315694,0.584395940935879,0.0443882170109554,0.0214795482441184,0.00524406700906349,0.052735410135824,0.275330991002792,0.0185404955719847,0.0724726927936225,0.0484026204688978,0.0689323549357388,0.0239154307571712,0.447987342482218,0.148198948643055,0.235216283662416,0.363519429008922,0.039748322808232,0.0698919877868815,1.34667936831271,0.00167199963703855,0.632153523433522,0.451364070329133
"RP11-380J14.4",0.00847473958019532,0.0238362819314018,0.168428524461869,0.0147960723369851,0.00397769411928119,0.0017480223363545,0.019268707549628,0.059655048050605,0.01606842949572,0.0129625954590219,0.0193610481875591,0.026871934974949,0.00939534779746011,0.102723212288916,0.0522224866646956,0.0944569328093168,0.123751294981761,0.0182179812871064,0.018145035290825,0.366112451841667,0.00125399972777892,0.198143598111387,0.126533023899799
"PADI1",0.131711577642202,1.6249768751166,0.581843993595548,0.0266329302065732,0.156721148299679,0.00699208934541799,0.006084855015672,0.675708140419353,0.0123603303813231,0.381807357156646,0.0580831445626773,0.259372589758204,0.0708921697444717,0.459401032736542,0.113619193959676,0.0703796754265497,0.146954662790841,0.00662472046803867,0.0188170736349296,0.0384034040393357,0.00167199963703855,0.0325606714331337,5.31640775506875
"PADI3",0.00353114149174805,0.0386312155439961,0.00765584202099405,0.00295921446739702,0.00159107764771248,0.00699208934541799,0.001014142502612,0.625230792068841,0.00370809911439693,0.0671698128331136,0.00553172805358832,0.00467337999564331,0.00256236758112548,0.011413690254324,0.00141141855850529,0.00555629016525393,0.00870126292840504,0.00828090058504834,0.00336019172052315,0.00512045387191143,0.0054339988203753,0.00555913902516917,6.17013739863627
"PADI4",0.041667469602627,0.00493164453753141,0.0255194734033135,0.00295921446739702,0.000795538823856238,0.003496044672709,0.00912728252350799,0.0229442492502327,0.00988826430505849,0.0117841776900199,0.0304245042947358,0.0140201399869299,0.00512473516225097,0.00570684512716202,0.00423425567551586,0.00926048360875655,0.156622732711291,0.0165618011700967,0.00470426840873241,0.00768068080786714,0.00208999954629819,0.0246190442543206,0.00236069074439923
"ACTL8",0.00070622829834961,0.00739746680629712,0.0051038946806627,0.00147960723369851,0.0182973929486935,0.0192282456998995,0.002028285005224,0.00114721246251163,0.00123603303813231,0.00117841776900199,0.00138293201339708,0.00116834499891083,0.00341649010816731,0.00285342256358101,0.00282283711701058,0.00555629016525393,0.000966806992045005,0.00828090058504834,0.00940853681746482,0.00256022693595571,0.00125399972777892,0.00119124407682196,0.000944276297759692
"IGSF21",0.296968999456011,0.0221924004188914,0.051038946806627,0.0177552868043821,0.126490672993142,0.218502792044312,0.074032402690676,0.072274385138233,0.147087931537745,0.0282820264560478,0.0649978046296627,0.126181259882369,0.089682865339392,0.0513616061444582,0.0536339052232009,0.0722317721483011,0.0802449803397354,0.0811528257334738,0.079972562948451,0.00768068080786714,0.076284983439884,0.195761109957743,0.0651550645454187
"KLHDC7A",0.104521788155742,1.45935581273117,0.0867662095712659,1.38195315627441,0.0684163388516365,0.0506926477542804,0.14197995036568,0.186995631389396,0.205181484329964,0.49670308963434,0.36555041910125,0.140201399869299,0.0418520038250496,0.335277151220769,0.0225826969360846,0.0185209672175131,0.697551244760471,0.04968540351029,0.085348869701288,0.318748253526486,0.590771811753925,0.349332325528041,0.389986110974753
"ALDH4A1",0.442098914766856,1.49593217638453,0.193947997865183,5.45787159116071,0.0564832564937929,0.125857608217524,0.0862021127220199,0.0653911103631632,0.243498508512065,0.176173456465798,0.570224357084018,0.144874779864943,0.0691839246903881,0.108430057416078,0.0395197196381481,0.0981611262528194,0.841122083079154,0.0778404654994544,0.10013371327159,1.84592362082407,0.0702239847556193,0.208864794802784,0.130310129090837
"RP5-1126H10.2",0.00564982638679688,0.0534261491565903,0.0433831047856329,0.0162756795706836,0.00875092706241862,0.00699208934541799,0.01521213753918,0.00917769970009307,0.0420251232964986,0.00707050661401195,0.0110634561071766,0.0116834499891083,0.00768710274337645,0.014267112817905,0.00564567423402115,0.0111125803305079,0.0309378237454402,0.0115932608190677,0.0288976487964991,0.122890892925874,0.0108679976407506,0.0135007662039823,0.0250233218906318
"AKR7L",0.0274228448249153,0.0509192298500119,0.0959021810496521,0.184166712378454,0.00291962748355239,0.188646570539377,0.0791741051789188,0.025043648056629,0.0115321882457745,0.0805684228666662,0.0145207861406693,0.0431703477097551,0.0464044768941825,0.0340127969578856,0.00882136599065805,0.00477840954211838,0.0335965429735639,0.0331236023401934,0.0124327093659357,0.0657210254459832,0.0273371940655804,0.0397399024027807,0.049664211880671
"AKR7A3",0.124416239320251,1.18181107756647,0.15056489307955,2.02635169869479,0.0189576901724942,0.14975307355549,0.521593771943404,0.0307797103691871,0.0133862378029729,0.182690106728379,0.0138293201339708,0.127968827730703,0.0735997381551943,0.0418597090077334,0.0183484412605687,0.0166688704957618,0.0936159210397178,0.0364359625742127,0.0266597611106307,0.156609081672411,0.235605648854195,0.0228321781390877,0.130678396846964
"NBL1",0.0988719617689454,1.01715168586585,1.33849638000379,0.335870842049562,0.325375378957201,0.860026989486413,0.265958871309997,0.279919840852839,0.758924285413239,0.133750416781726,0.559395999419119,0.707432896840506,0.813551707007341,0.373798355829112,0.517990610971441,0.46672837388133,0.330647991279392,0.460418072528688,1.02889070482419,2.67031669420181,1.00409430202895,0.741152356462732,2.56595280462474
"HTR6",0.282491319339844,0.013972992856339,0.0102077893613254,0.00147960723369851,0.00715984941470614,0.045448580745217,0.16226280041792,0.00114721246251163,0.00370809911439693,0.0341741153010578,0.00553172805358832,0.193945269819197,0.00512473516225097,0.00285342256358101,0.00141141855850529,0.00370419344350262,0.00193361398409001,0.699736099436585,0.00067203834410463,0.00512045387191143,0.0438899904722621,0.00119124407682196,0.00660993408431784
"RNF186",0.223521256427651,0.0739746680629712,0.0127597367016567,0.0162756795706836,0.00159107764771248,0.0157322010271905,1.39140351358366,0.00803048723758144,0.00494413215252924,0.00589208884500996,0.175632365701429,0.713858794334515,0.000854122527041828,0.00285342256358101,0.00141141855850529,0.00185209672175131,0.447631637316837,0.0662472046803867,0.00067203834410463,0.302106778442774,0.000835999818519277,0.00555913902516917,0.00141641444663954
"RP11-91K11.2",0.115468326780161,0.0271240449564228,0.0102077893613254,0.00739803616849256,0.00159107764771248,0.00699208934541799,0.556764233933988,0.0034416373875349,0.00247206607626462,0.00353525330700598,0.0774441927502365,0.278066109740777,0.000854122527041828,0.00285342256358101,0.00141141855850529,0.00185209672175131,0.227199643130576,0.0414045029252417,0.00201611503231389,0.166414750837121,0.000417999909259639,0.00079416271788131,0.000472138148879846
"PLA2G2A",0.0939283636804981,0.000821940756255236,0.0331753154243075,0.00739803616849256,0.00318215529542495,0.003496044672709,0.118147601554298,0.00229442492502327,0.0173044625338524,0.00117841776900199,0.00138293201339708,0.00350503499673248,0.0256236758112548,0.011413690254324,0.00423425567551586,0.620452401786689,0.0309378237454402,0.014905621053087,0.0228493036995574,0.00256022693595571,0.0649989858898738,0.00158832543576262,0.00660993408431784
"PLA2G2D",0.0105934244752441,0.00821940756255236,0.773240044120399,0.00295921446739702,0.00318215529542495,0.024472312708963,0.393740826639109,0.375138475241304,0.0407890902583663,0.377093686080638,0.0276586402679416,0.0327136599695031,0.264496122949043,0.0542150287080392,0.220181295126825,0.0944569328093168,0.00676764894431503,0.00993708070205801,0.0100805751615695,0.00768068080786714,0.0246619946463187,0.0329577527920744,0.00141641444663954
"RP3-340N1.2",0.00353114149174805,0.000821940756255236,0.0127597367016567,0.00295921446739702,0.00159107764771248,0.0157322010271905,0.004056570010448,0.0263858866377676,0.0444971893727632,0.00942734215201594,0.0069146600669854,0.00350503499673248,0.00512473516225097,0.00856026769074303,0.00141141855850529,0.00555629016525393,0.00773445593636004,0.00662472046803867,0.27284756770648,0.0256022693595571,0.00208999954629819,0.00873578989669441,0.0051935196376783
"UBXN10-AS1",0.0310740451273828,0.00328776302502094,0.0178636313823194,0.0754599689186241,0.00159107764771248,0.0017480223363545,0.004056570010448,0.0172081869376745,0.0123603303813231,0.0188546843040319,0.0546258145291846,0.00233668999782165,0.00939534779746011,0.00570684512716202,0.00141141855850529,0.00185209672175131,0.0125684908965851,0.00662472046803867,0.00940853681746482,0.0102409077438229,0.00250799945555783,0.00397081358940655,0.00802634853095738
"UBXN10",0.548739387817647,0.212882655870106,0.114837630314911,1.01944938401827,0.00795538823856238,0.0734169381268889,0.211955783045908,0.434793523291909,0.195293220024905,0.438371410068741,1.59452061144683,0.167073334844248,0.07943339501489,0.136964283051888,0.0127027670265476,0.0129646770522592,0.323880342335077,0.104339347371609,0.215724308457586,0.16129429696521,0.0336489926954009,0.122896680592133,0.0141641444663954
"VWA5B1",0.00070622829834961,0.00164388151251047,0.0127597367016567,0.00295921446739702,0.000795538823856238,0.003496044672709,0.002028285005224,0.00114721246251163,0.00247206607626462,0.00353525330700598,0.00414879604019124,0.00467337999564331,0.0119577153785856,0.00570684512716202,0.00282283711701058,0.00370419344350262,0.000966806992045005,0.00331236023401934,0.00201611503231389,0.0102409077438229,0.00125399972777892,0.00198540679470327,0.000472138148879846
"CAMK2N1",1.46860174641801,0.478780490518675,0.770688096780068,5.16875633769602,0.274063124818474,0.6799806888419,1.03163646078206,1.94586736253836,1.61487716431986,2.0097915050329,2.0384417877473,1.69506997476979,0.306202925944495,1.64143132969998,1.19053155409921,0.8139965092097,2.75861939461177,0.570554050309831,0.571568611660988,0.782149328934471,0.484670894786551,1.90211897966547,2.61570200137221
"FAM43B",0.0261304470389356,0.013972992856339,0.0255194734033135,0.0118368578695881,0.000795538823856238,0.041952536072508,0.022311135057464,0.00803048723758144,0.0135963634194554,0.0129625954590219,0.00276586402679416,0.0221985549793057,0.0367272686627986,0.00570684512716202,0.00705709279252644,0.0166688704957618,0.00676764894431503,0.004968540351029,0.0329298788611269,0.0102409077438229,0.0129579971870488,0.0742542141219025,0.0169969733596744
"CDA",0.0635605468514649,0.0353434525189751,0.602259572318198,0.00887764340219107,0.109784357692161,0.512170544551868,0.103442535266424,0.799033480139353,0.0185404955719847,0.0483151285290817,0.0885076488574131,0.0315453149705923,0.944514314078665,0.00856026769074303,0.0225826969360846,0.0518587082090367,0.10248154115677,0.0182179812871064,0.018145035290825,0.0870477158224943,0.024243994737059,0.264059103695535,0.0151084207641551
"KIF17",0.0459048393927246,0.0287679264689333,0.0944220515922599,0.0251533229728747,0.0350037082496745,0.0262203350453175,0.034480845088808,0.0424468611129305,0.0259566938007785,0.0506719640670857,0.141059065366502,0.0782791149270254,0.0700380472174299,0.0342410707629721,0.00846851135103173,0.224103703331908,0.0531743845624753,0.0414045029252417,0.0356180322375454,0.0947283966303614,0.0731499841204368,0.0297811019205491,0.0835684523517327
"SH2D5",0.0847473958019532,0.0484945046190589,0.0331753154243075,0.0584444857310912,0.0437546353120931,0.03496044672709,0.016226280041792,0.0206498243252094,0.0939385108980556,0.0200331020730339,0.0290415722813387,0.0210302099803949,0.0230613082301294,0.0228273805086481,0.0183484412605687,0.150019834461856,0.0464067356181602,0.00828090058504834,0.0389782239580685,0.112649985182051,0.0217359952815012,0.0202511493059734,0.102265123047375
"RP5-1071N3.1",0.00494359808844727,0.00328776302502094,0.0280714207436448,0.00147960723369851,0.00875092706241862,0.00874011168177249,0.022311135057464,0.0843201159946051,0.00988826430505849,0.0106057599210179,0.00414879604019124,0.00817841499237579,0.0128118379056274,0.0256808030722291,0.0112913484680423,0.00926048360875655,0.0106348769124951,0.00828090058504834,0.0100805751615695,0.0102409077438229,0.00501599891111566,0.00873578989669441,0.0141641444663954
"NBPF2P",0.0183619357570899,0.0106852298313181,0.0051038946806627,0.0273727338234225,0.0137866878174286,0.0166062121953677,0.013690923785262,0.0129979172002568,0.0111242973431908,0.0235683553800398,0.00276586402679416,0.0110992774896529,0.00512473516225097,0.0214006692268576,0.0108679229004907,0.0311707878270745,0.0362552622016877,0.298940511120245,0.0120966901938833,0.00384034040393357,0.0154659966426066,0.0188613645496811,0.0231347692951124
"HS6ST1P1",0.0361942002904175,0.0410970378127618,0.00893181569115972,0.034770769991915,0.050118945902943,0.0463225919133942,0.0933011102403039,0.0424468611129305,0.0309008259533078,0.0559748440275946,0.0311159703014343,0.0847050124210349,0.0529555966765934,0.0798958317802683,0.031756917566369,0.0620452401786689,0.0584918230187228,0.134150589477783,0.0342739555493361,0.00512045387191143,0.0516229887935654,0.0573782563669246,0.0302168415283101
"NBPF3",0.174989247765066,0.0765062455922373,0.0306233680839762,0.102092899125197,0.300737541582374,0.045448580745217,0.142740557242639,0.0676855352881864,0.102689624808032,0.140549887308868,0.370667267550819,0.0650067157393984,0.212095705915027,0.138390994333679,0.265459602483675,0.209824037607206,0.241943449759262,0.963532468473885,0.069676935516768,0.0396835175073136,0.108939136351247,0.165694109458756,0.101589965494476
"ALPL",11.524642984882,0.0295898672251885,0.0918701042519286,4.01688210626173,0.063643105908499,0.0943932061631429,0.138937522857844,0.142827951582698,0.100118676088717,0.0960410481736624,0.761995539381791,0.0771107699281146,0.0213530631760457,0.0399479158901341,0.0451653938721692,2.06879203819621,4.29028337175907,0.344485464338011,0.0576810510745004,3.2258859393042,0.0865259812167452,0.140300756554502,0.108119636093485
"RAP1GAP",0.352287862065736,0.363297814264814,0.135253209037562,1.27246222098072,0.143992527117979,0.0751649604632434,0.444194416144056,0.198467756014513,0.247206607626462,1.09475010740285,0.744708889214327,0.632658816910213,0.0659809652139812,0.0827492543438493,0.00705709279252644,0.0388940311567775,1.29987200080451,0.761842853824447,0.0611554893135213,0.706622634323777,0.123205473254278,0.131433929809357,0.362956201951382
"U7",0.00564982638679688,0.0189046373938704,0.00765584202099405,0.0991336846578003,0.00159107764771248,0.00699208934541799,0.007098997518284,0.0174032130563015,0.0105062808241246,0.0271036086870458,0.0304245042947358,0.0151884849858407,0.00512473516225097,0.014267112817905,0.0169370227020635,0.00370419344350262,0.0116016839045401,0.0223584315796305,0.0117069079543027,0.0102409077438229,0.0157084365899772,0.00833870853775375,0.00424924333991861
"LDLRAD2",1.53875140329308,1.04633058271292,6.08001453833944,1.02048510908186,2.36261506525297,1.36258341118833,2.26483374395825,0.386610599866421,2.06232112412376,2.41261005101085,2.32793094611171,5.46824014875231,2.27932845811436,1.06004648237034,3.04890402752637,1.19984381925215,4.06610016644368,7.35082295493805,1.7926622828991,3.54847453323462,2.35940884781422,2.4396996358401,1.96621932101012
"HSPG2",5.06350152894106,5.67975035565224,7.22839084148855,4.86420878078386,10.0097320095711,2.57868255059016,7.05275262016489,1.20916193548726,7.03714397698983,12.9777145589982,13.4598145293112,24.294308871452,12.0318446727076,4.20309143615483,15.3251827082504,6.17396442195799,16.8690900989493,40.4285656676914,7.06056925083206,4.50727952075003,7.11549959535133,10.1268135468266,3.49326990007667
"WNT4",0.00564982638679688,0.0115071705875733,0.0204155787226508,0.00147960723369851,0.00159107764771248,0.017480223363545,0.012169710031344,0.0149137620126512,0.019776528610117,0.0188546843040319,0.00968052409377956,0.0689323549357388,0.0187906955949202,0.0370944933265531,0.00705709279252644,0.00555629016525393,0.00483403496022502,0.00993708070205801,0.0571232592488935,0.00256022693595571,0.0192279958259434,0.0393110545351248,0.119923089815481
"C1QA",8.09185084596209,2.16540292235442,14.55630762925,0.332911627582165,2.7675443265958,20.6933855815617,6.83177096884573,5.68061753424498,6.73270903969784,4.7698462510563,7.06367099142893,11.4007104993718,11.7450388693522,13.7627703797921,8.67998419365257,17.0476242753599,3.44183289168022,4.6751149196984,4.29768521054911,0.782149328934471,4.81595251454219,6.23735398623981,5.14615001720119
"C1QC",8.78277517708647,2.82404870856443,9.78978038697912,0.491229601587906,3.30286240116866,27.8879133937529,7.60395935318456,5.95678599034541,7.14022913237006,5.54033114096287,8.40799154301197,13.5010092535639,12.8271266988615,17.5167901728905,9.70639599776879,22.8732648668581,4.04318684073221,5.33717292147302,5.55797887839884,0.524846521870921,4.98792185721069,8.62781553357126,5.10668398933632
"C1QB",12.6268534901162,2.86460326547806,10.1312309411155,0.547454676468449,4.37496234175028,30.753743573536,7.65410869993873,5.68252190693275,8.11898189361514,6.19203151975404,10.0714374860065,14.8595958686473,17.0698693160132,22.4124357994521,12.4444774303411,22.1420385601435,4.73759596276853,5.37264829957936,5.25735596593052,0.62725559930915,5.44754201743531,9.53804116185734,4.80276394152088
"EPHB2",0.110171614542539,0.0994548315068835,0.145460998398887,0.0192348940380807,0.0588698729653616,0.474588064320246,0.054763695141048,0.286229509396653,0.481434868352535,0.600403853306515,0.250310694424871,0.304938044715726,0.471048573663568,0.313876481993911,0.9075421331189,0.394496601733029,0.136319785878346,0.210334874860228,0.513437294895937,0.0256022693595571,0.134595970781604,0.66401930248851,0.623378162110527
"MIR4253",0.00494359808844727,0.00328776302502094,0.00255194734033135,0.00295921446739702,0.000795538823856238,0.00874011168177249,0.001014142502612,0.0149137620126512,0.01606842949572,0.0235683553800398,0.016595184160765,0.0128517949880191,0.0111035928515438,0.00856026769074303,0.0409311381966533,0.0148167737740105,0.00580084195227003,0.004968540351029,0.018145035290825,0.00256022693595571,0.00417999909259639,0.021839474741736,0.0132198681686357
"HTR1D",0.00141245659669922,0.00739746680629712,0.0127597367016567,0.00147960723369851,0.178996235367654,0.0017480223363545,0.014197995036568,0.00917769970009307,0.00865223126692618,0.00824892438301395,0.00414879604019124,0.00233668999782165,0.00512473516225097,0.00570684512716202,0.00141141855850529,0.0351898377132749,0.00193361398409001,0.00662472046803867,0.00268815337641852,0.00256022693595571,0.00417999909259639,0.00397081358940655,0.00660993408431784
"LINC01355",0.0755664279234082,0.0493164453753141,0.479766099982294,0.0739803616849256,0.0397769411928119,0.215006747371603,0.125753670323888,0.18929005631442,0.15367598763099,0.0966302570581634,0.0719124646966481,0.13377550237529,0.0913911103934756,0.188325889196347,0.136907600175013,0.0666754819830471,0.198195433369226,0.155680930998909,0.0947574065187528,0.174095431644989,0.0991704784718493,0.108601751670269,0.310902971037378
"RP5-1057J7.7",0.00211868489504883,0.013972992856339,0.0280714207436448,0.0118368578695881,0.00238661647156871,0.00524406700906349,0.00912728252350799,0.0137665495501396,0.00988826430505849,0.00589208884500996,0.0304245042947358,0.00584172499455413,0.0059788576892928,0.011413690254324,0.00141141855850529,0.00185209672175131,0.0222365608170351,0.00662472046803867,0.00470426840873241,0.0435238579112471,0.0229899950092801,0.0107211966913977,0.0221904929973528
"TCEA3",1.26662045309003,2.08828022119499,1.24662627575186,3.22024677556612,0.149163529473045,0.178298278308159,0.458392411180624,0.68431223388819,1.21193039388873,1.01933137018672,2.7921397350487,0.951032829113413,0.92992590131679,1.8456793168011,0.0239941154945899,0.212991123001401,5.38724192107317,1.03345639301403,1.09139027082592,1.10473792286489,1.26751366484528,1.42462864553933,3.330854376862
"ASAP3",1.52192198294341,0.148771276882198,0.491249863013785,0.818222800235277,0.216649087900769,0.0402045137361535,0.03295963133489,0.23862019220242,0.522631849513485,0.218007287265369,0.950074293203794,0.316621494704834,0.284422801504929,0.422306539409989,0.0748051836007803,0.116682093470332,0.396390866738452,0.25173937778547,0.177418122843622,0.444199373388316,0.238886948141883,0.435201169398958,0.268882675787072
"E2F2",0.0473172959894239,0.0770158488611156,0.113561656644745,0.0340309663750658,0.0246617035395434,0.117117496535751,0.0801172577063479,0.0881403334947689,0.0803421474786002,0.114306523593193,0.0470196884555007,0.0443971099586114,0.036898093168207,0.0884560994710113,0.0508110681061904,0.11297790002683,0.0290042097613501,0.146571940355356,0.012768728537988,0.0640056733988928,0.079837982668591,0.077629405672898,0.0226626311462326
"ID3",1.54489558948872,0.641935730635339,1.77105145418996,0.383958077144764,0.111375435339873,0.664248487814709,0.936560601162181,0.108985183938605,0.270691235350976,0.708229079170198,1.06693204833585,2.11587279302751,0.314317089951393,0.419453116846408,0.211712783775793,0.847334250201224,1.98993049137663,1.77376890531735,0.150872608251489,0.328989161270309,1.8118206066859,0.524147393801664,0.387153282081474
"HMGCL",1.06511233272193,0.865503616336763,0.6430907297635,1.48330625178276,0.30866906365622,1.06279758050353,0.640430990399478,0.492154146417491,0.363393713210899,0.523806698321386,0.908586332801881,0.477853104554528,0.43005069236556,0.733329598840319,0.519402029529946,0.550998774721014,1.06252088425746,0.487745044459347,0.55443163388632,0.570930606718124,0.432211906174466,0.752270634513071,1.20041124352701
"FUCA1",1.97025689358469,0.834680837977192,1.32063274862147,1.91591381477153,1.07477295102978,1.38303527252368,0.999437436324125,2.38792274071797,0.854098829349427,2.30086069397639,2.08868370779401,1.59011754351764,1.23634235789305,1.33112162591054,0.785454427808193,2.01508123326542,1.48694915376522,1.24544744799127,0.640452541931712,0.655418095604663,0.637240861666319,1.34570872544988,1.12770196859951
"RP11-293P20.2",0.00070622829834961,0.196854811123129,0.0102077893613254,0.193088743997656,0.0230706258918309,0.00524406700906349,0.07352533143937,0.00688327477506981,0.0321368589914401,0.0730619016781235,0.0843588528172219,0.0128517949880191,0.0341649010816731,0.0313876481993911,0.00564567423402115,0.0500066114872854,0.0671930859471278,0.00331236023401934,0.0120966901938833,0.01792158855169,0.0503689890657864,0.0532089020980477,0.0290364961561105
"MYOM3",0.00494359808844727,2.59199017485089,0.232227207970153,1.97083683528642,0.317419990718639,0.0821570498086614,1.11961332288365,0.150284832589024,0.39553057220234,0.897954339979518,0.826301878004755,0.148379814861675,0.486422779150321,0.385212046083436,0.0599852887364747,0.541738291112258,0.821785943238254,0.00828090058504834,0.18581860214493,0.642616960924884,0.657095857356152,0.798264568319167,0.450433958175839
"IL22RA1",0.0550858072712696,0.2276775894827,0.165876577121538,0.219721674204229,0.0214795482441184,0.0437005584088625,0.350893305903752,0.0378580112628839,0.161920327995333,0.149859387683983,0.221269122143533,0.0257035899760382,0.0700380472174299,0.014267112817905,0.00846851135103173,0.0648233852612958,0.245568975979431,0.0115932608190677,0.0584673359371028,0.14337270841352,0.0313499931944729,0.359588937029478,0.106939290721285
"IFNLR1",0.139833203073223,0.0756185495754817,0.21819149759833,0.237476961008611,0.0230706258918309,0.045448580745217,0.104456677769036,0.328676370509583,0.106916857798445,0.128447536821217,0.360654839773824,0.0432287649597006,0.0264777983382967,0.175485487660232,0.0211712783775793,0.0796401590353063,0.153074551050486,0.0753561953239399,0.0379701664419116,0.0614454464629371,0.0247664946236336,0.0365314850225402,0.0540598180467423
"GRHL3",0.0324865017240821,0.00164388151251047,0.0178636313823194,0.00147960723369851,0.00238661647156871,0.003496044672709,0.001014142502612,0.00803048723758144,0.00988826430505849,0.0164978487660279,0.0138293201339708,0.00467337999564331,0.0136659604326693,0.0428013384537151,0.00282283711701058,0.0166688704957618,0.00676764894431503,0.004968540351029,0.00336019172052315,0.0102409077438229,0.00501599891111566,0.00277956951258458,0.00141641444663954
"RCAN3",0.445453499184016,0.187402492426194,0.50145765237511,0.556820590257761,0.338899538962757,0.206266635689831,0.410220642306554,0.426763036054328,0.349797349791444,0.569764991312463,0.622319406028686,0.204460374809395,0.208405896598206,0.653433767060051,0.543396145024536,0.606246819930856,0.653561526622423,0.306393321646789,0.139111937229658,0.0204818154876457,0.0904969803547118,0.289948808298466,0.446170550691454
"RP4-594I10.3",0.0692103732382618,0.0369873340314856,0.0204155787226508,0.0872968267882122,0.053301101198368,0.0262203350453175,0.074032402690676,0.0562134106630701,0.0618016519066156,0.0813108260611375,0.0746783287234423,0.0385553849640573,0.029894288446464,0.0941629445981733,0.0959764619783596,0.111125803305079,0.0812117873317804,0.0579663040953384,0.0147848435703019,0.00256022693595571,0.019645995735203,0.0432818681245314,0.0660993408431784
"NCMAP",0.0070622829834961,0.00328776302502094,0.0689025781889464,0.00147960723369851,0.00159107764771248,0.0017480223363545,0.037523272596644,0.232310523658606,0.00247206607626462,0.0695266483711175,0.235789908284202,0.0163568299847516,0.00170824505408366,0.0370944933265531,0.00423425567551586,0.00185209672175131,0.0473735426102052,0.00828090058504834,0.00067203834410463,0.00256022693595571,0.00292599936481747,0.00238248815364393,0.00472138148879846
"RUNX3",0.242942534632266,0.264664923514186,0.747720570717085,0.210104227185189,0.0556877176699367,0.970152396676746,1.10389411409316,0.622362760912562,0.210125616482493,0.791896740769339,0.600883959821031,0.440466064589382,0.223780102084959,1.35737311349549,0.363722562526813,1.3085063339173,0.376087919905507,0.293143880710711,0.0944213873467005,0.110089758246096,0.361569921509587,0.901739999645512,0.0476859530368644
"RHD",0.0268366753372852,0.00534261491565903,0.0535908941469583,0.0170154831875329,0.00875092706241862,0.00669492554823773,0.01082090050287,0.0212234305564652,0.00123603303813231,0.0119845087107503,0.0276586402679416,0.0146043124863853,0.00341649010816731,0.0361528638805714,0.0214112195325252,0.0287074991871453,0.0246535782971476,0.0659656540604951,0.0146705970518041,0.0281624962955129,0.0211089954176117,0.012639099655081,0.0871094884683316
"RP3-469D22.1",0.045226860226309,0.0121236261547647,0.00637986835082837,0.0252716915515706,0.00769286042668982,0.0166062121953677,0.013264983934165,0.0104166891596056,0.0105062808241246,0.00962767317274628,0.0142856876983918,0.0155740388354813,0.0139478208665931,0.00285342256358101,0.0061114423583279,0.00555629016525393,0.0133709406999824,0.0102186313219497,0.0108668600241719,0.00256022693595571,0.00950949793565678,0.0126748369773857,0.0258495636511716
"MAN1C1",2.18989389437142,0.0460286823502932,0.102077893613254,0.0266329302065732,0.0572787953176491,0.662500465478355,0.185588077977996,0.231163311196094,0.187877021796111,0.258662700295937,0.164568909594252,0.750077489300751,0.704224023545987,0.285342256358101,0.151021785760066,0.168540801679369,0.391556831778227,0.527493367267579,0.468074706668875,0.01792158855169,0.176186961752938,0.147317184166983,0.149195655046031
