,UTSW15_T,UTSW24_T,UTSW31_T,UTSW32_T,UTSW37_T,UTSW39_T,UTSW45_T,UTSW46_T,UTSW47_T,UTSW48_T,UTSW49_T,UTSW50_T,UTSW52_T,UTSW54_T,UTSW60_T,UTSW62_T,UTSW65_T,UTSW70_T,UTSW79_T,XP615_T,XP659_T,XP681_T,
,0.0213280946,0.0026302104,0.375136259,0.0017755287,0.0039776941,0.0192282457,0.0401600431,0.035162062,0.0873257341,0.0405375713,0.0224726452,0.0309611425,0.0283568679,0.1264066196,0.0138036735,0.0074083869,0.0159523154,0.0107320472,0.0149394124,0.1199466319,0.0448095903,0.0793964177,0.0822700724
234.254145,0.018941043,0.0052357626,0.0361866133,0.0095138745,0.0061097382,0.0252589228,0.0419145096,0.0289900589,0.0764733641,0.0310748766,0.024754483,0.017291506,0.0281177136,0.1254649901,0.0175439327,0.0037041934,0.022255897,0.0100695751,0.016317091,0.0128779415,0.0260204944,0.0681669569,0.0448436814
RP5-857K21.4,0.0403115113,0.0154113892,0.0375136259,0.0222384967,0.0144549404,0.0147707887,0.021165154,0.0250895366,0.0259937748,0.0423994713,0.0145622741,0.0207147568,0.0243595745,0.0328143595,0.0244598836,0.0148167738,0.0349984131,0.0218118921,0.0303761332,0.021761929,0.1274063723,0.0151010041,0.0121575573
MTND1P23,0.3283961587,0.7725585556,3.4595984509,1.561902988,0.0110023019,0.1927194626,1.0748186485,1.0502156488,1.9819789766,2.3714714867,4.4057862962,0.3557610522,0.5158900063,0.0321010038,0.0089342795,0.2620716861,0.4852597654,2.4431472232,1.282974962,13.2901380245,0.7163640645,0.8187380832,0.5261177034
MTND2P28,7.1578851082,29.1517892409,37.8197319863,32.2566953608,0.2758530872,12.6677430693,33.5657944501,15.0315807326,24.5339950532,37.3482778353,7.3154061058,7.8969957325,16.7043475806,2.2171093319,2.7159221612,6.5496252,9.8486211262,9.0740783667,135.3382134345,94.7263740511,36.5883973173,22.0268058144,12.3033583154
AC114498.1,0.6962846039,2.8165854865,3.2069556642,2.6939948708,0.0322193224,0.2718174733,1.430782667,2.2192825087,5.3781651539,5.3061206094,3.1254678382,1.6577880859,1.0393219146,0.1778538284,0.1192648682,0.4778409542,1.3960692965,0.1796955427,0.3891102012,8.4165412338,2.5286570111,1.2340295932,0.7621490068
MTCO1P12,22.2387689386,36.5680291741,117.9493983433,53.9328673541,0.3642215397,9.7192838737,39.9860061086,31.0504410382,61.4541288576,44.0794708369,42.2521824618,7.7900220644,29.2877931225,7.7520357496,1.3664931058,10.2017747257,17.3746914835,3.9005029172,14.7546287264,244.8218799667,47.6000322669,22.2524870048,13.8147764004
MIR6723,0.5971160263,0.9834521149,2.6131940765,1.6132601551,0.0095464659,0.2525892276,0.982704085,0.7009468146,1.6840702938,0.9536345796,10.3580916337,0.1197553624,0.7048646154,0.1070033461,0.0409311382,0.2352162837,0.4945217764,3.093545717,0.3189023554,4.6886203946,1.1718878256,0.4847370689,0.3953354362
MTCO2P12,0.4533491316,0.7379548498,1.1170639093,0.8547247107,0.0178996235,0.1943800838,0.4477439149,0.2560234053,1.3365472448,0.3314299975,0.3716629786,0.0622494215,0.6441108801,0.0342410708,0.0204655691,0.0250033057,0.1098099382,0.3282052138,0.7640807157,3.0567061434,0.6456719198,0.3106208638,0.2938682266
MTATP8P1,0.0056498264,0.011918141,0.0276375897,0.0125766615,0.0007955388,0.005244067,0.0147050663,0.0061146424,0.0342999168,0.0159086399,0.0094454257,0.003505035,0.0036300207,0.0028534226,0.0056456742,0.0074083869,0.000966807,0.0041404503,0.0033601917,0.021761929,0.0064789986,0.0015883254,0.0014164144
MTATP6P1,11.7134389959,27.541155232,71.2011171584,30.7297998799,0.5306243955,15.9504066554,24.4819983571,10.9220362493,8.0107424805,23.2627916525,17.353805346,8.917778758,9.9632624069,5.9191968343,7.1356664637,8.3764222806,9.3557139175,11.018019779,29.1233730355,115.3241422167,26.7219776191,16.7507341776,10.863370011
MTCO3P12,1.1492311853,1.7114203845,5.0309600257,3.4382816975,0.0165074306,0.7502511868,1.1989192666,1.0540817548,5.432229239,2.6019700023,1.079834804,0.3572565338,1.4688601334,0.1455245507,0.0508110681,0.0777880623,0.6572643974,0.8477489165,1.2232441939,6.1698140862,2.2007110023,0.9266806798,0.5921556663
RP11-54O7.1,0.0021186849,0.0008219408,0.0051038947,0.0044388217,0.01352416,0.0017480223,0.0030424275,0.0022944249,0.0296647929,0.0271036087,0.0055317281,0.00233669,0.0025623676,0.0028534226,0.0014114186,0.0018520967,0.0174025259,0.0033123602,0.0080644601,0.0025602269,0.0071059985,0.0023824882,0.0066099341
RP11-54O7.3,0.014124566,0.0501383861,0.0306233681,0.0266329302,0.0198884706,0.0332124244,0.0131838525,0.0057360623,0.0234846277,0.0883813327,0.1493566574,0.0993093249,0.0068329802,0.0114136903,0.0112913485,0.0055562902,0.0473735426,0.0066247205,0.0403223006,0.040963631,0.0539219883,0.0277956951,0.0769585183
PLEKHN1,0.1589013671,0.0743856384,0.367480417,0.6095981803,0.1101821271,0.1031333178,0.1125698178,0.1244725522,0.1053718165,0.0730619017,0.1618030456,0.03505035,0.0555179643,0.1312574379,0.1665473899,0.1629845115,0.1430874348,0.0447168632,0.1061820584,0.3481908633,0.156749966,0.1352062027,0.3050012442
PERM1,0.9214513723,0.033699571,0.3304771806,2.7565082764,0.0485278683,0.0611807818,0.0547636951,0.0688327478,0.048823305,0.035941742,0.0511684845,0.0689323549,0.0136659604,0.0570684513,0.0423425568,0.046302418,0.0986143132,0.0568566634,0.0826607163,0.440359033,0.0417999909,0.0345460782,0.1501399313
RP11-54O7.17,0.0486096938,0.1092523653,0.0965401679,0.2759171569,0.0159107765,0.0087401117,0.1080366008,0.0068832748,0.1046549173,0.0117841777,0.0230534767,0.031545315,0.0102494703,0.0057068451,0.0084685114,0.0296335475,0.0901064117,0.0149056211,0.0067203834,0.1382522545,0.0112859976,0.0434804088,0.0396218335
HES4,0.8096907441,0.2482261084,0.8153471752,0.5267401752,0.1614943812,0.3906829922,0.5461157377,0.0504773484,0.9061110996,0.1148957325,0.3319036832,0.2955912847,0.0589344544,0.1084300574,0.108679229,0.4333906329,0.5472127575,0.3284702026,0.0591393743,0.4992442525,0.1588399655,0.1712095695,0.1952291246
ISG15,0.5307305662,0.2552126048,2.6833726284,0.2308187285,0.3430761178,3.1420701496,0.2900447557,0.1479904077,0.6291408164,0.4914002097,1.8842448683,1.581354956,0.3745327281,0.5592708225,0.5229305759,7.0821030075,0.481469882,0.7407265573,0.2358854588,0.7322249037,0.4900338336,0.2491685527,1.4308146602
RP11-465B22.3,0.1897988552,0.036987334,0.104629841,0.1168889715,0.0701426581,0.0716689158,0.0314384176,0.0975130593,0.1613023115,0.0271036087,0.102336969,0.03505035,0.0111035929,0.0770424092,0.0409311382,0.0240772574,0.0802449803,0.0082809006,0.0352820131,0.1280113468,0.0110059376,0.0790191904,0.0212462167
RP11-54O7.18,0.0529671224,0.0082194076,0.0025519473,0.0281125374,0.0230706259,0.0139841787,0.0070989975,0.0195026119,0.0469692554,0.0070705066,0.0193610482,0.003505035,0.0017082451,0.0114136903,0.0028228371,0.0129646771,0.0125684909,0.0016561801,0.0040322301,0.0102409077,0.0012539997,0.0202511493,0.003304967
RP11-465B22.8,0.0007062283,0.0090413483,0.0816623149,0.0133164651,0.0047732329,0.005244067,0.014197995,0.0229442493,0.0420251233,0.0247467731,0.0221269122,0.001168345,0.0017082451,0.0370944933,0.0056456742,0.0018520967,0.0251369818,0.0066247205,0.0073924218,0.0716863542,0.0054339988,0.0250161256,0.0311611178
TNFRSF18,0.0451986111,0.0156168744,0.7477205707,0.0103572506,0.0127286212,0.0891491392,0.0701786612,0.2569755916,0.0383170242,0.326421722,0.0815929888,0.045565455,0.0281860434,0.0285342256,0.0748051836,0.0425982246,0.0425395076,0.0248427018,0.0342739555,0.0051204539,0.1024099778,0.0609519886,0.0618500975
TNFRSF4,0.0964001627,0.0345215118,0.4491427319,0.0369901808,0.0302304753,0.6345321081,0.1784890805,0.0929242095,0.0618016519,0.1201986124,0.1175492211,0.3598502597,0.0772980887,0.0798958318,0.095976462,0.0907527394,0.1643571886,0.367671986,0.0725801412,0.0537647657,0.1366859703,0.165980008,0.0660993408
FAM132A,0.0105934245,0.1380860471,0.0561428415,0.3802590591,0.0090134549,0.0227242904,0.0314384176,0.0080304872,0.0432611563,0.0930950038,0.0152122521,0.01402014,0.014520083,0.0142671128,0.0112913485,0.1083476582,0.0454399286,0.0248427018,0.0302417255,0.2662636013,0.0133759971,0.1016528279,0.0417842262
RP5-902P8.12,0.0035311415,0.0082194076,0.0293473944,0.0399493953,0.0015910776,0.0139841787,0.0022006892,0.0022944249,0.0142143799,0.0125737176,0.004148796,0.0073956238,0.0017082451,0.0114136903,0.0014114186,0.0037041934,0.0122494446,0.0066247205,0.0053763068,0.0768068081,0.0029259994,0.0121109814,0.0084984867
RP5-902P8.10,0.0204806207,0.0139729929,0.0484869995,0.019234894,0.0071598494,0.0069920893,0.0522283389,0.0195026119,0.0395530572,0.0294604442,0.0186695822,0.01635683,0.014520083,0.0156938241,0.0112913485,0.0092604836,0.0436706718,0.0066247205,0.0100805752,0.1075295313,0.0221539952,0.0571797157,0.0347021539
SCNN1D,0.1370082899,0.0821940756,0.4389349425,0.2034459946,0.0883048094,0.0419525361,0.3904448635,0.0722743851,0.3825522253,0.1826547542,0.106485765,0.0625064574,0.1340972367,0.1141369025,0.0776280207,0.0444503213,0.3731874989,0.0645910246,0.0497308375,0.4079209577,0.1400299696,0.3680269159,0.4095798442
TAS1R3,0.0084747396,0.0065755261,0.468282337,0.0177552868,0.0127286212,0.015732201,0.144261771,0.6562055286,0.0358449581,0.0777755728,0.0193610482,0.0595855949,0.016228328,0.0142671128,0.0225826969,0.0203730639,0.0183693328,0.0380921427,0.0094085368,0.0307227232,0.0158839966,0.0198540679,0.0467416767
MXRA8,2.2221685276,0.4557661493,2.3375837637,0.8463353377,4.9109566243,0.8211334925,0.9269262474,0.6005657241,0.5005933804,0.2769281757,2.1165774465,2.8087013774,0.269048596,0.9444828685,1.6640624805,0.2713321697,2.9504822422,2.5215342281,1.4660516477,3.5695964055,0.8694398113,7.0697635806,0.9541109354
ANKRD65,0.0134183377,0.0139729929,0.0344512891,0.0029592145,0.0047732329,0.0087401117,0.0243394201,0.002673005,0.0111242973,0.0247467731,0.0912735129,0.012851795,0.0059788577,0.0085602677,0.0141141856,0.0351898377,0.0357718587,0.0397483228,0.0188170736,0.3328295017,0.0160929965,0.3696827452,0.0174691115
RP4-758J18.10,0.0105934245,0.0057535853,0.0561428415,0.0162756796,0.0023866165,0.0017480223,0.0527354101,0.0080304872,0.0037080991,0.0329956975,0.0622319406,0.02103021,0.0034164901,0.045654761,0.0098799299,0.0018520967,0.0087012629,0.0811528257,0.0053763068,0.0947283966,0.0129579972,0.0694892378,0.0028328289
VWA1,2.4444891959,0.8465989789,2.6017103135,1.9323670472,0.3825189327,0.4230214054,1.8193716497,0.9362859792,0.9369130429,2.6121986685,5.1560269135,2.8583560398,0.3668456254,0.9644568265,0.8517911001,0.8640031207,2.7676493719,5.7139538981,0.488235857,2.8341712181,1.3242237125,1.653546049,0.4187865381
ATAD3C,0.2590939758,0.0774679163,0.2256687033,0.2005903527,0.007438288,0.0122361564,0.0733427858,0.1324112624,0.1798675277,0.0877685554,0.2508915259,0.0843194586,0.0230613082,0.0758439717,0.0108255803,0.0283926427,0.2543669196,0.1255881383,0.0230038725,0.6703186164,0.0357515322,0.05563904,0.0312555455
TMEM240,0.0293084744,0.0090413483,0.0331753154,0.0073980362,0.045345713,0.0139841787,0.0091272825,0.0022944249,0.0290467764,0.0023568355,0.0082975921,0.033882005,0.0034164901,0.0142671128,0.0098799299,0.0407461279,0.0125684909,0.0198741614,0.0134407669,0.0460840848,0.0075239984,0.0051620577,0.0099149011
C1orf233,0.0296615885,0.0702759347,0.1327012617,0.0340309664,0.560059332,0.1153694742,0.0436081276,0.0493301359,0.1263225765,0.0282820265,0.099571105,0.0771107699,0.0862663752,0.0970163672,0.1030335548,0.5352559526,0.2330004851,0.043060683,0.10147779,0.5658101528,0.0819279822,0.3271950398,0.0467416767
MMP23B,0.0060029405,0.0127400817,0.2266894822,0.0091291766,0.3986683708,0.026220335,0.0594084678,0.0183553994,0.033372892,0.0200331021,0.0182132146,0.1450733985,0.0381536533,0.0404329977,0.0296397897,0.0237624009,0.0196551861,0.033405153,0.1316926339,0.040963631,0.0174180562,0.024090926,0.0193576641
RP11-345P4.7,0.019541337,0.0134222925,0.0246773308,0.0757115021,0.0090134549,0.0361316217,0.0554431706,0.0535404056,0.029256902,0.0151191,0.0198174158,0.0426445925,0.0298942884,0.0390062864,0.0190541505,0.0123534851,0.064292665,0.028155062,0.0212834544,0.004275579,0.0156039366,0.0291179761,0.066571479
RP11-345P4.6,0.0064761135,0.0065755261,0.0106416204,0.0409407322,0.0070246078,0.0101909702,0.0184269693,0.0160609745,0.0053520231,0.0072708376,0.0149771537,0.010515105,0.0085412253,0.0228273805,0.0119970577,0.010186532,0.0122494446,0.0121398003,0.0079502136,0.0051204539,0.0078709383,0.0101930785,0.0155002954
MMP23A,0.002944972,0.0079481671,0.0493291421,0.0061699622,0.0643034031,0.0110649814,0.0289030613,0.0093727258,0.0105062808,0.0170870577,0.0094454257,0.0552977688,0.0166553893,0.0251957212,0.0110514073,0.0166688705,0.0040315852,0.0104836201,0.0440185115,0.0093960329,0.0062699986,0.0056266429,0.0092066939
CALML6,0.0063560547,0.0008219408,0.0893181569,0.0088776434,0.0063643106,0.0069920893,0.0152121375,0.0091776997,0.0284287599,0.0023568355,0.002765864,0.00467338,0.0085412253,0.0171205354,0.0014114186,0.0166688705,0.003867228,0.0049685404,0.0033601917,0.0256022694,0.0041799991,0.0095299526,0.0193576641
TMEM52,0.014124566,0.003287763,0.0408311574,0.025153323,0.0222750871,0.010488134,0.0070989975,0.0103249122,0.0284287599,0.0094273422,0.0290415723,0.003505035,0.0068329802,0.0028534226,0.0014114186,0.0222251607,0.0106348769,0.0033123602,0.0073924218,0.040963631,0.0033439993,0.0329577528,0.0141641445
CFAP74,0.021186849,0.0123291113,0.0791103676,0.0310717519,0.0063643106,0.0087401117,0.0324525601,0.0160609745,0.0296647929,0.015319431,0.0165951842,0.03972373,0.0093953478,0.0085602677,0.0042342557,0.0092604836,0.0528553383,0.0596224842,0.0080644601,0.0204818155,0.0213639754,0.0377227291,0.0193576641
GABRD,0.1398332031,0.1109620021,0.2118116292,0.291482625,0.0755761883,0.0681728711,0.1658122992,0.0378580113,0.0939385109,0.137874879,0.2516936264,0.5140717995,0.1212853988,0.0485081836,0.0748051836,0.0222251607,0.358685394,0.3461416445,0.0564512209,0.1049693044,0.1772319615,0.1551913075,0.2540103241
RP5-892K4.1,0.0508484375,0.0221924004,0.0229675261,0.1006132919,0.0007955388,0.0087401117,0.0275846761,0.0412996487,0.033372892,0.0329956975,0.0373391644,0.01869352,0.0204989406,0.0114136903,0.0366968825,0.033337741,0.0647760685,0.0149056211,0.0191530928,0.0102409077,0.022989995,0.0291854799,0.0415481571
PLCH2,0.0210102919,0.2237076156,0.3725843117,1.3469308531,0.0445501741,0.0734169381,2.2226656987,0.0384316175,0.0197765286,0.0854352883,0.0798643238,0.0537438699,0.0623509445,0.0670554302,0.0564567423,0.0703796754,0.0232033678,0.0612786643,0.0060483451,0.1126499852,0.04597999,0.0892122689,0.0439088478
RP3-395M20.12,0.0194212782,0.0164388151,0.0459350521,0.0088776434,0.0155130071,0.020976268,0.039298022,0.022370643,0.0123603304,0.0141410132,0.0117549221,0.01402014,0.0059788577,0.0142671128,0.0077628021,0.0314856443,0.0135352979,0.0124213509,0.0094085368,0.0051204539,0.0135849971,0.0250161256,0.0122755919
RP3-395M20.8,0.6388399941,0.359944296,0.3228213386,0.3299524131,0.02028624,0.2355460098,0.6902963773,0.2477978919,0.1103159487,0.2774231112,0.1884244868,0.2030934112,0.2184418363,0.2679934472,0.0838664907,0.153112836,0.2943153845,0.1200730585,0.2276529891,0.15873407,0.2280523905,0.4352011694,0.3721628959
TNFRSF14,2.2554106936,1.112907784,3.114013742,1.4665570979,0.0680185694,1.2116941231,2.1592615094,1.2412035796,0.6603753713,1.1250118757,1.0099275907,0.7391768305,1.0029533774,1.150927991,0.3577946046,0.6963883674,1.1548992923,0.6459102456,1.115771822,1.6972256404,1.2523611681,1.4493429893,1.8660599341
TTC34,0.021186849,0.0263021042,0.0676266045,0.0362503772,0.0059665412,0.0043700558,0.1227112428,0.0137665496,0.0148323965,0.0659913951,0.0380306304,0.0064258975,0.0222071857,0.0185472467,0.0063513835,0.0074083869,0.0145021049,0.028983152,0.0030241725,0.0460840848,0.0079419983,0.0164788764,0.0564205088
LINC00982,0.0091809679,0.0016438815,0.0280714207,0.0088776434,0.0023866165,0.010488134,0.01216971,0.0034416374,0.0061801652,0.0047136711,0.0055317281,0.005841725,0.0076871027,0.0028534226,0.0028228371,0.0092604836,0.004834035,0.0414045029,0.002016115,0.0281624963,0.0075239984,0.0075445458,0.0023606907
PRDM16,0.0240117621,0.0090413483,0.0178636314,0.0473474315,0.0119330824,0.2901717078,0.0243394201,0.0034416374,0.0086522313,0.0424230397,0.0193610482,0.026871935,0.0076871027,0.0028534226,0.0112913485,0.0574149984,0.0338382447,0.0927460866,0.0490587991,0.0115210212,0.0519699287,0.0138978476,0.0179412497
ARHGEF16,0.0547326931,0.6464564048,0.5818439936,1.291697115,0.0143196988,0.9142156819,0.2575921957,0.1250461584,0.1186591717,0.8417791649,0.7772077915,0.1530531949,0.046976739,0.3937723138,0.0112913485,0.0388940312,0.0995811202,0.0645910246,0.1273512662,0.6144544646,0.0810919824,0.1403682604,0.1864945688
MEGF6,1.787110709,1.1633174106,0.1582207351,3.7959323581,1.194501544,1.3083947188,0.2707760482,0.1743762943,0.9356770099,0.5945117645,0.5227483011,0.577746602,0.220363612,0.3737983558,0.035285464,0.3074480558,0.2368677131,0.3916865977,0.1041659433,0.2022579279,0.5845728731,0.9128900442,0.8858869729
RP11-46F15.2,0.007062283,0.0115071706,0.1639626166,0.0310717519,0.0063643106,0.0122361564,0.0152121375,0.014913762,0.0098882643,0.0106057599,0.0235098442,0.005841725,0.0059788577,0.0285342256,0.0070570928,0.0092604836,0.0077344559,0.0165618012,0.0060483451,0.0537647657,0.0079419983,0.0317665087,0.0122755919
TP73,0.0112996528,0.0624674975,0.1556687878,0.0488270387,0.0039776941,0.2569592834,0.0578061226,0.1101323964,0.0197765286,0.0212115198,0.0401050284,0.0560805599,0.0187906956,0.0228273805,0.0084685114,0.033337741,0.0232033678,0.1308382292,0.0799725629,0.1100897582,0.027587994,0.0486424665,0.0278561508
TP73-AS1,0.7637152818,0.5508400366,0.502733626,0.5999807333,0.5405049877,0.4894462542,0.4155651733,0.4006868968,0.4163330082,0.5597130877,0.6948403608,0.5900142244,0.5343561354,0.788486257,0.1002107177,0.2441619108,1.6456118492,0.5700075109,0.1740579311,0.5850118549,0.5861278328,0.8575091071,0.7819788091
SMIM1,0.0642667751,0.0189046374,0.0586947888,0.1124501498,0.0031821553,0.0358344579,0.0192687075,0.0401524362,0.0098882643,0.0447798752,0.0732953967,0.029208625,0.0051247352,0.0428013385,0.0042342557,0.0129646771,0.0551079985,0.0496854035,0.0127687285,0.2150590626,0.0250799946,0.0629373954,0.1444742736
LINC01134,0.0035311415,0.0238362819,0.0280714207,0.0221941085,0.0192520395,0.0454485807,0.1703759404,0.0091776997,0.0123603304,0.0176762665,0.0511684845,0.01402014,0.0316025335,0.0142671128,0.0112913485,0.0203730639,0.0174025259,0.0314674222,0.0137767861,0.0435238579,0.0758669835,0.0494366292,0.0387153282
AJAP1,0.0169494792,0.1660320328,0.1786363138,0.2781661599,0.0007955388,0.0069920893,0.0446222701,0.044741286,0.0037080991,0.0294604442,0.2274923162,0.1174186724,0.0059788577,0.091309522,0.0084685114,0.246328864,0.2334838886,0.1573371111,0.0040322301,0.1536136162,0.0102409978,0.0051620577,0.1392807539
KCNAB2,0.9689452253,0.4654239532,2.3069603957,0.0917356485,0.2255352566,1.5714720804,1.0896961191,1.1885121112,0.6829082536,1.1271565961,0.8581093143,0.9755680741,0.6528314711,1.0400725244,0.6511297236,1.2001586757,0.6409930357,0.7767484749,0.9848721933,0.5709306067,0.5516888202,0.8259292266,0.6201534586
CHD5,0.0091809679,0.0041097038,0.0357272628,0.0014796072,0.0111375435,0.0017480223,0.0111555675,0.0126193371,0.0098882643,0.0106057599,0.0055317281,0.003505035,0.0025623676,0.0142671128,0.0042342557,0.0018520967,0.002900421,0.0091089906,0.0080644601,0.0025602269,0.0066879985,0.0317665087,0.0297447034
RP1-120G22.11,0.0148307943,0.0049316445,0.0102077894,0.0177552868,0.0119330824,0.010488134,0.0091272825,0.0045888499,0.0148323965,0.0117841777,0.0110634561,0.003505035,0.0025623676,0.0285342256,0.035285464,0.0074083869,0.005800842,0.0049685404,0.0013440767,0.0153613616,0.0025079995,0.0089343306,0.0051935196
RNF207,0.2669542968,0.1693197958,0.6507465718,0.4217324498,0.1626876895,0.2464711494,0.2971437533,0.3762856877,1.1556908907,0.4601721388,0.308739572,0.2342531723,0.1567314837,0.5906584707,0.6657802482,0.3928667566,1.038834113,0.3001826462,0.1693536627,0.8845584064,0.1051269772,0.7840371432,0.1128410176
GPR153,0.2378788777,0.4824792239,0.0969739989,0.3795192554,0.6117693555,1.0802778039,0.4137701411,0.2374729797,0.1100069404,0.1814763364,0.7002199663,0.4206041996,0.3604397064,0.1312574379,0.0945650434,0.1500198345,0.1015147342,0.3511101848,0.2573906858,0.1689749778,0.2907189369,0.4459223661,0.1515563458
ACOT7,0.3305148436,1.2986663949,0.6201232037,0.9417700042,0.4529241186,0.2761875291,0.3392306671,0.2627116539,0.6792001545,0.5774247068,1.3255403348,0.3298588435,0.0905369879,0.6020721609,0.2441754106,1.2464610937,0.2141477487,0.650878786,0.2459660339,0.4173169906,0.2894649372,0.6262648069,0.2414986632
HES2,0.0515546658,0.1783611441,0.0229675261,0.0088776434,0.2442304189,0.0297163797,0.0633839064,0.0045888499,0.0049441322,0.1037007637,0.0401050284,0.024535245,0.0093953478,0.0142671128,0.0042342557,0.0537108049,0.0686432964,0.059804664,0.0275535721,0.0102409077,0.0146299968,0.0223159724,0.0122755919
ESPN,0.0903972222,0.4709720533,0.3113375755,0.2766865527,0.0214795482,0.0227242904,0.4523075562,0.0137665496,0.0407890903,0.14258855,0.4045076139,0.0560805599,0.0153742055,0.0342410708,0.012702767,0.033337741,0.5604290091,0.043060683,0.0349459939,0.4505999407,0.027587994,0.301714329,0.0505187819
RP1-202O8.2,0.007062283,0.0254801634,0.007655842,0.0133164651,0.0007955388,0.0017480223,0.0223111351,0.0011472125,0.001236033,0.0070705066,0.0082975921,0.003505035,0.0008541225,0.0057068451,0.0014114186,0.0018520967,0.0299710168,0.0016561801,0.002016115,0.0051204539,0.0004179999,0.0127066035,0.0009442763
TNFRSF25,0.189269184,0.0969890092,0.7400647287,0.1923489404,0.140014833,0.1957785017,0.3967832541,0.0608022605,0.1854049557,0.2132936162,0.210897132,0.1968661323,0.1106088673,0.156938241,0.0790394393,0.2518851542,0.3212989677,0.3262674831,0.199259369,0.6874209323,0.2098944744,0.229246981,0.2613284654
RP3-467L1.6,0.0120058811,0.0098632891,0.0102077894,0.0221941085,0.0087509271,0.010488134,0.006084855,0.0091776997,0.0135963634,0.0047136711,0.0055317281,0.008178415,0.0128118379,0.0228273805,0.0084685114,0.0148167738,0.0193361398,0.0115932608,0.0168009586,0.0025602269,0.0104499977,0.0158832544,0.0082624176
PER3,0.8573611542,0.5548100105,0.5690842569,2.0255823029,0.0751784189,0.1345977199,0.2535356257,0.3361332515,0.1137150395,0.2716252958,0.4522187684,0.4895365545,0.6045735483,0.693381683,0.530693378,0.1740970918,2.3996149543,0.2749258994,0.1505365891,0.161294297,0.2539349449,0.1643916826,0.4539608301
RP3-467L1.4,0.0964001627,0.0435628601,0.0331753154,0.2367371574,0.0091486965,0.005244067,0.0263677051,0.0435940736,0.0111242973,0.0247467731,0.0484026205,0.040892075,0.0409978813,0.0827492543,0.0522224867,0.0111125803,0.2330004851,0.028155062,0.0161289203,0.0025602269,0.0280059939,0.0186628239,0.034938223
UTS2,0.1405394314,0.094523187,0.3169518597,0.3506669144,0.031821553,0.0349604467,0.0476646976,0.0642438979,0.0222485947,0.0494935463,0.0788271248,0.0736057349,0.0879746203,0.1312574379,0.0776280207,0.0222251607,0.3896232178,0.0645910246,0.0241933804,0.0358431771,0.0476519897,0.0369285664,0.076014242
TNFRSF9,0.7992385652,0.1068522983,0.3202693912,0.0014796072,0.107660269,0.7131931132,0.1693617979,0.3636663506,0.1223672708,0.514768234,0.1272297452,0.1098244299,0.1699703829,0.889782758,0.2728695499,0.3117634412,0.1392202069,0.0521696737,0.3660256841,0.0281624963,0.1032125376,0.139673368,0.0061377959
ERRFI1,8.0741880762,1.9673152001,1.1662399345,18.2003970485,9.6993445821,10.3217747324,1.5937249429,8.5438648146,2.5540521477,3.7795746631,7.1305634129,9.1953775298,17.2235942884,3.4432250075,5.1700261798,13.4154218314,7.4644750838,4.4692020458,13.1740214226,0.6848607054,0.4508129021,11.6261927582,1.3703809771
SLC45A1,0.0483766384,0.0320556895,0.0484869995,0.1657160102,0.3651523202,1.5574879017,0.0283959901,0.0573606231,0.0111242973,0.061277724,0.0553172805,0.0899625649,0.1934587524,0.0542150287,0.1510217858,0.0425982246,0.0551079985,0.0927460866,0.0682118919,0.0256022694,0.0449349902,0.3206431973,0.0174691115
ENO1-IT1,0.0120058811,0.0049316445,0.0102077894,0.0044388217,0.0039776941,0.0139841787,0.006084855,0.0091776997,0.0111242973,0.0117841777,0.0082975921,0.00467338,0.0290401659,0.0299609369,0.0183484413,0.0185209672,0.0676764894,0.0132494409,0.0168009586,0.0051204539,0.0041799991,0.0142949289,0.0378371513
SLC2A5,2.1845406839,0.7356369768,2.2061584757,3.3228279451,8.4077316138,0.9684043743,3.0616962154,0.7499327867,2.1348762635,1.885444862,2.8305160984,0.6120141608,6.3055424734,4.1769255512,0.1891300868,0.1858208641,0.5385114946,0.6078181029,2.2954612108,0.4582806215,1.9350595199,0.4615395759,0.3165686288
MIR34AHG,0.0608556925,0.0764404903,0.3126135492,0.1997469765,0.0767694965,0.2816763193,0.175446653,0.3728440503,0.4543410242,0.3140483354,0.3249890231,0.2000790811,0.3228583152,0.4280133845,0.2787551653,0.1852096722,0.3427330787,0.1399472199,0.2136409896,0.4006755155,0.3226959299,0.5528841717,0.800566888
RP3-510D11.2,0.0240117621,0.0135620225,0.0586947888,0.0577046821,0.0373903247,0.0244723127,0.0324525601,0.0493301359,0.032136859,0.0365309508,0.0539343485,0.02804028,0.0264777983,0.0513616061,0.0423425568,0.0425982246,0.0734773314,0.0182179813,0.0201611503,0.0742465811,0.0384559917,0.0845108256,0.060197614
SPSB1,5.6244021681,0.984685026,0.9238049372,0.5415362475,1.5596538642,0.3915570033,2.2993957204,0.53574822,1.2032781626,1.1194968806,0.8670983724,2.3969532329,0.7625862158,0.9102417978,0.2759323282,0.5574811132,1.3781833672,1.1957620445,0.8151825114,1.3428390279,1.4361766282,0.8533278404,1.1522673165
SLC25A33,0.3550209656,0.0575358529,0.0944220516,0.3605358946,0.0686788667,0.0402045137,0.0730182602,0.168640232,0.113097023,0.0925057949,0.204673938,0.1740834048,0.055090903,0.1198437477,0.0592795795,0.1602063664,0.2155979592,0.1440876702,0.0762763521,0.0460840848,0.0453529902,0.0618454217,0.041076019
PIK3CD-AS2,0.0787444553,0.0115071706,0.0382792101,0.1686752246,0.0445501741,0.0174802234,0.0223111351,0.0424468611,0.0037080991,0.0176762665,0.0608490086,0.019861865,0.0025623676,0.0085602677,0.012702767,0.0055562902,0.0309378237,0.0082809006,0.0040322301,0.0716863542,0.0125399973,0.0109197374,0.041076019
RBP7,0.1122902994,0.0575358529,0.1709804718,0.0414290025,0.1881449318,0.4667219638,0.4695479787,0.0550661982,0.0667457841,0.183833172,0.3823807017,0.0689323549,0.1127441736,0.0085602677,0.0183484413,0.033337741,0.2697391508,0.1242135088,0.0598114126,0.0435238579,0.0430539907,0.190797593,0.1820092564
CASZ1,0.1292397786,0.180415996,0.1760843665,0.1494403306,0.1026245083,0.1433378316,0.2433942006,0.0699799602,0.1378176838,0.6080635688,0.0912735129,0.0858733574,0.3527526037,0.1911793118,0.0522224867,0.1314988672,0.1730584516,0.395827048,0.0873649847,0.0486443118,0.1266539725,0.1360003654,0.3319131187
RP4-734G22.3,0.0529671224,0.0665772013,0.0842142622,0.0547454676,0.0580743341,0.1223615635,0.1054708203,0.0412996487,0.0669929907,0.2851771001,0.0525514165,0.0560805599,0.1443467071,0.1027232123,0.0254055341,0.0722317721,0.0879794363,0.1738989123,0.0403223006,0.0460840848,0.068969985,0.0710775633,0.203019404
ANGPTL7,0.0014124566,0.0016438815,0.0102077894,0.0014796072,0.0015910776,0.0034960447,0.0010141425,0.0022944249,0.0024720661,0.0011784178,0.001382932,0.00233669,0.0008541225,0.0028534226,0.0014114186,0.0018520967,0.001933614,0.0033123602,0.0013440767,0.0025602269,0.0037619992,0.0011912441,0.0009442763
PTCHD2,0.0049435981,0.0049316445,0.0051038947,0.0014796072,0.0190929318,0.0034960447,0.0050707125,0.0599418512,0.0037080991,0.0023568355,0.004148796,0.01869352,0.0042706126,0.0028534226,0.0014114186,0.0074083869,0.0270705958,0.0115932608,0.0094085368,0.0025602269,0.0163019965,0.04089938,0.0075542104
FBXO2,0.0868660807,0.0238362819,0.2373311027,0.019234894,0.1320594448,0.1241095859,0.0486788401,0.1204573086,0.2509147067,0.0624561418,0.2821181307,0.033882005,0.0384355137,0.1226971702,0.0381083011,0.0740838689,0.0435063146,0.0231865216,0.0113104053,0.0921681697,0.0626999864,0.0343475375,0.0422563643
DRAXIN,0.0084747396,0.0024658223,0.0306233681,0.0029592145,0.0640408753,0.015732201,0.0131838525,0.0103249122,0.0074161982,0.0082489244,0.0110634561,0.00934676,0.0341649011,0.0057068451,0.0197598598,0.0037041934,0.004834035,0.0049685404,0.002016115,0.0025602269,0.0463979899,0.0226336375,0.0108591774
C1orf167,0.2040999782,0.1356202248,0.1811882612,0.3092379118,0.0803494212,0.1171174965,0.1311590499,0.2833614782,0.1198952047,0.489632583,0.5255141651,0.2465207948,0.1281183791,0.1854724666,0.0804508578,0.0685275787,0.2948761326,0.2749258994,0.127015247,0.1638545239,0.0831819819,0.1719362284,0.2102195108
MTHFR,0.8431165294,0.5675500922,0.854902359,1.2709826137,0.3190110684,0.582091438,0.434813598,1.1303828557,0.5469446194,1.7508342003,1.9656027586,0.8558127117,0.5901986662,0.8817075721,0.3330947798,0.3750495862,1.214309582,1.1692631626,0.6095387781,0.5632499259,0.2813139389,0.6581623524,0.7573095908
NPPA-AS1,0.0056498264,0.0008219408,0.2067077346,0.0059184289,0.0023866165,0.0087401117,0.0131838525,0.0195026119,0.0086522313,0.0082489244,0.0076061261,0.00934676,0.0068329802,0.0199739579,0.0014114186,0.0166688705,0.0067676489,0.0066247205,0.002016115,0.1049693044,0.0087779981,0.0123095221,0.0259675982
NPPA,0.0077685113,0.0024658223,0.2067077346,0.0295921447,0.0039776941,0.0017480223,0.01622628,0.0114721246,0.0111242973,0.0106057599,0.002765864,0.008178415,0.0051247352,0.0342410708,0.0056456742,0.0092604836,0.0077344559,0.0066247205,0.002016115,0.0537647657,0.0104499977,0.0119124408,0.0297447034
NPPB,0.0014124566,0.0008219408,0.0051038947,0.0014796072,0.5298288567,0.0017480223,0.0010141425,0.0011472125,0.0024720661,0.0011784178,0.001382932,0.00233669,0.0008541225,0.0028534226,0.0014114186,0.0018520967,0.000966807,0.0016561801,0.0013440767,0.0025602269,0.0004179999,0.0003970814,0.0047213815
PLOD1,19.0568644027,3.7272958444,2.8364894688,8.5790142742,7.541970578,13.5738654078,2.4588899118,6.6740002777,3.4491501929,3.3192493299,6.1730627748,5.6754344509,13.8390312803,6.5257774029,7.2325744619,10.2796553928,5.5841998415,7.4707469572,6.97975664,5.4712049621,5.3932939892,6.6165349175,31.6610507478
TNFRSF8,0.0346051866,0.0098632891,0.0791103676,0.0029592145,0.0031821553,0.0244723127,0.0243394201,0.0183553994,0.0271927268,0.0400662041,0.0165951842,0.03738704,0.0059788577,0.0399479159,0.0296397897,0.0296335475,0.0135352979,0.0314674222,0.0698919878,0.0256022694,0.0142119969,0.015486173,0.0217183548
TNFRSF1B,2.632663726,0.8720791424,2.1410838185,0.2293391212,0.4477531162,3.6350124484,1.7030799289,1.18564408,1.8921564558,2.0740152734,1.6781879983,2.5919733801,2.031812291,4.2273455279,1.8381327313,2.2203491129,1.7939103737,2.3655717465,1.7502096207,0.6221351454,0.9653707904,1.684816206,0.4751267834
DHRS3,2.6709766112,1.7392266402,1.6217625348,3.6933955768,1.4387319629,1.1764190324,0.9248979624,0.8282873979,4.7457488499,1.5107315799,1.6920173184,1.4814614586,2.6104803031,1.9260602304,0.2639352704,0.3861621665,3.2009335935,0.4355753708,1.986209326,1.6078225158,0.5040033906,1.4776072404,1.715513964
RP11-474O21.5,0.0416674696,0.0098632891,0.0229675261,0.044388217,0.0143196988,0.0034960447,0.0050707125,0.0137665496,0.0519133876,0.0212115198,0.0082975921,0.02804028,0.046976739,0.0256808031,0.0042342557,0.0074083869,0.0203029468,0.0016561801,0.0275535721,0.0128011347,0.0050159989,0.0125080628,0.0084984867
PDPN,0.3679449434,0.0591797345,0.0255194734,0.0207145013,6.7261455141,0.0244723127,0.0131838525,0.2386201922,0.1248393369,0.015319431,0.0248927762,0.0782791149,0.1097547447,0.4137462717,0.1552560414,0.246328864,0.0357718587,0.0496854035,0.4143116391,0.0051204539,0.6717258542,0.0659155056,0.1340872343
KAZN,1.3616081592,0.3830243924,0.5282530994,1.2455777575,0.0509144847,0.2482191718,0.4999722538,0.6367029167,0.3195145404,0.5031843874,1.0634747183,0.2091337548,0.4629344097,0.8645870368,0.1594902971,0.166688705,1.5425405558,0.5788349509,0.2730693404,0.7501464922,1.0717517673,0.4614085391,1.2872846629
TMEM51-AS1,0.5056594616,0.1237020838,0.4440388372,0.1509199378,0.0413680188,0.0279683574,0.7220694619,0.1434015578,0.1878770218,0.2262562116,0.3720087116,0.0969726349,0.1417843395,0.3309970174,0.1171477404,0.0314856443,0.4355465499,0.1772112725,0.0853488697,0.358431771,0.3665148604,0.1076090483,1.0703513477
FHAD1,0.040255013,0.0263021042,0.1327012617,0.0177552868,0.0111375435,0.0192282457,0.0537495526,0.1147212463,0.032136859,0.0648129773,0.0898905809,0.0724373899,0.048684984,0.1968861569,0.0381083011,0.1944701558,0.0154689119,0.0496854035,0.1263432087,0.0128011347,0.0298869935,0.0211763489,0.0708207223
RP3-467K16.2,0.0063560547,0.0073974668,0.015311684,0.0029592145,0.0031821553,0.0069920893,0.00811314,0.0217970368,0.0111242973,0.0058920888,0.0193610482,0.008178415,0.0059788577,0.0342410708,0.0084685114,0.0648233853,0.004834035,0.0132494409,0.0221772654,0.0025602269,0.004597999,0.0043678949,0.0070820722
EFHD2,1.6747003507,0.7668707256,4.123946902,0.6613844335,0.8174161415,2.648603444,1.3870934079,1.6373016265,2.5042029353,2.39729062,1.1770410952,1.4364801762,0.7537631301,4.3690750267,1.7914430054,7.3429523098,1.1625854079,1.5356102045,1.7412513496,0.9780066895,1.1318726943,1.4913383138,1.1895520661
DNAJC16,0.8229325247,0.5950851075,0.3891719694,1.3501416007,0.2824162825,0.3828168917,0.4294893499,0.4462656479,0.4511520589,0.4878649564,0.8615666443,0.4848631745,0.3946046075,0.764717247,0.3627345695,0.61582216,0.7744124006,0.5713821404,0.3575243991,0.4326783522,0.2813139389,0.4052215268,0.4086355679
RP4-680D5.8,0.0328396159,0.0221924004,0.0102077894,0.0710211472,0.0103420047,0.0139841787,0.0263677051,0.0206498243,0.0222485947,0.0212115198,0.0456367564,0.036218695,0.0196448181,0.0313876482,0.0239941155,0.0185209672,0.0319046307,0.0231865216,0.0100805752,0.040963631,0.0125399973,0.0182657425,0.0084984867
AGMAT,0.2408238497,0.2876792647,0.0586947888,1.516700987,0.0262527812,0.1048813402,0.1673335129,0.0504773484,0.160684295,0.1284475368,0.5635447955,0.031545315,0.0350190236,0.0513616061,0.0190541505,0.1148299967,0.2429876013,0.056310124,0.0752682945,0.3302692747,0.0104499977,0.0442745715,0.0169969734
SLC25A34,0.0413143555,0.1742514403,0.1837402085,0.4764335293,0.0182973929,0.0244723127,0.0365091301,0.0195026119,0.0729259492,0.0259251909,0.0165951842,0.03738704,0.0273319209,0.0285342256,0.0169370227,0.0611191918,0.0203029468,0.0364359626,0.060483451,0.1356920276,0.0351119924,0.0401052173,0.1251166095
RP11-169K16.4,0.0091809679,0.0189046374,0.015311684,0.0547454676,0.0015910776,0.0017480223,0.0091272825,0.0080304872,0.0086522313,0.0070705066,0.002765864,0.00701007,0.0042706126,0.0057068451,0.0042342557,0.0129646771,0.0067676489,0.0132494409,0.0060483451,0.0076806808,0.0079419983,0.0047649763,0.0193576641
TMEM82,0.0014124566,0.1742514403,0.007655842,0.177552868,0.0023866165,0.0017480223,0.0152121375,0.0011472125,0.0024720661,0.0058920888,0.0069146601,0.00467338,0.0025623676,0.0028534226,0.0014114186,0.0018520967,0.000966807,0.0049685404,0.0033601917,0.0179215886,0.0004179999,0.0051620577,0.0018885526
FBLIM1,0.5046566174,0.6860739492,0.6350010567,0.4301958032,0.1195933514,0.580920263,1.1906844295,0.1588889261,0.1979383307,0.4318901123,0.6359136277,4.1805720751,0.7778920915,0.2967559466,0.2980915996,0.3312104568,0.570928533,4.2025570469,0.7294976225,0.4557203946,1.3366675698,0.6319549828,0.7118379657
RPL12P14,0.0130652235,0.0048412311,0.0181698651,0.0069097658,0.0086713732,0.0128479642,0.0091475654,0.0068832748,0.0021012562,0.0059392256,0.0067348789,0.0063207464,0.0056201262,0.0261658849,0.0032886052,0.0300780508,0.002494362,0.005664136,0.0023521342,0.0179215886,0.0039291991,0.0031012054,0.0067043617
UQCRHL,0.0326277474,0.1352092544,0.1059058146,0.0781676502,0.2471500464,0.0486474616,0.1184011372,0.106690759,0.2484426407,0.1213770302,0.0940393769,0.1664891623,0.0427061264,0.1692935607,0.0338740454,0.2018785427,0.0599420335,0.1159326082,0.0483867608,0.0179215886,0.3589239821,0.0710775633,0.2019570932
RP11-169K16.8,0.0293084744,0.0328776303,0.0165876577,0.0118368579,0.025592484,0.0122361564,0.0593273364,0.0034416374,0.0593295858,0.0117841777,0.0248927762,0.01635683,0.0264777983,0.0214006692,0.0229355516,0.0166688705,0.0072510524,0.00882744,0.021505227,0.0025602269,0.0379669318,0.0307063015,0.0219544239
C1orf64,0.0007062283,0.0008219408,0.0025519473,0.0014796072,0.0007955388,0.0034960447,0.0010141425,0.0022944249,0.001236033,0.0011784178,0.001382932,0.001168345,0.0008541225,0.0028534226,0.0028228371,0.0018520967,0.000966807,0.0016561801,0.0006720383,0.0025602269,0.0004179999,0.0003970814,0.0004721381
RP11-5P18.5,0.0007062283,0.0008219408,0.0025519473,0.0014796072,0.0007955388,0.0017480223,0.0010141425,0.0011472125,0.001236033,0.0011784178,0.001382932,0.001168345,0.0008541225,0.0028534226,0.0014114186,0.0018520967,0.000966807,0.0033123602,0.0006720383,0.0025602269,0.0004179999,0.0003970814,0.0009442763
HSPB7,0.0872191948,0.030411808,0.0178636314,0.0784191834,0.0055687718,0.020976268,0.0689616902,0.0699799602,0.0111242973,0.0106057599,0.0373391644,0.1810934748,0.0042706126,0.0142671128,0.0621024166,0.0240772574,0.0609088405,1.9714008787,0.0241933804,0.0435238579,0.0167199964,0.0444731122,0.0042492433
CLCNKA,0.2123416625,0.0095920486,0.0659167998,0.0271212006,0.0111375435,0.0801118637,0.3241909338,0.1068857851,0.01833037,0.00530288,0.052786515,0.0630906299,0.0042706126,0.0485081836,0.0964422301,0.0018520967,0.1119852539,0.2183342248,0.0656379851,0.1275761082,0.009195998,0.0608844848,0.0159724336
RP11-5P18.10,0.0951077649,0.0036987334,0.0084979846,0.0382182548,0.0035799247,0.0171830596,0.011835043,0.0418732549,0.0133862378,0.0159086399,0.0281150078,0.003505035,0.0091134874,0.0028534226,0.0098799299,0.0064823385,0.0344860054,0.0016561801,0.0041464766,0.0392482789,0.041310931,0.0479793406,0.0105428449
CLCNKB,0.0184819946,0.0395928862,0.0123259057,0.0226823789,0.0143196988,0.0075689367,0.0236599446,0.0212234306,0.019566403,0.0271036087,0.0239662118,0.0122676225,0.0119577154,0.0156938241,0.0061114424,0.0018520967,0.0061198883,0.0110467214,0.0266597611,0.1710999661,0.0054339988,0.0181982387,0.0051132562
FAM131C,0.7887369504,0.0393134264,0.1756505354,0.2355090834,0.0155130071,0.1246864333,0.0518936719,0.2543025866,0.1106249569,0.178730623,0.2892678892,0.008178415,0.0451232931,0.0413746272,0.045631162,0.0512475163,0.3169870085,0.0057966304,0.0371838816,0.442074385,0.3189464708,0.3555188531,0.0778225311
EPHA2,0.2033937499,0.4389163638,0.495077784,1.0209289913,0.7163827109,0.4020451374,0.3062710358,0.188521424,2.3225060787,0.423641188,0.4764200786,0.4848631745,0.8058646043,1.2583593505,0.8045085783,3.6264053812,1.0178834054,0.8289181486,0.3460997472,0.519726068,1.2329408924,1.2762869915,1.3513774166
ARHGEF19-AS1,0.0628543186,0.0147949336,0.135253209,0.0177552868,0.0580743341,0.0279683574,0.0091272825,0.0332691614,0.0247206608,0.0141410132,0.0262757083,0.02103021,0.016228328,0.0199739579,0.0211712784,0.0370419344,0.0502739636,0.0132494409,0.0154568819,0.1356920276,0.0066879985,0.0532089021,0.0439088478
ARHGEF19,0.4233838649,0.0879476609,0.2373311027,0.088776434,0.3643567813,0.0996372732,0.0821455427,0.1961733311,0.1322555351,0.1154849414,0.1237724152,0.1215078799,0.1033488258,0.1783389102,0.2032442724,0.1963222525,0.2745731857,0.1761016318,0.0947574065,0.3891544943,0.0555939879,0.2986051819,0.2233213444
ANO7P1,0.0254242187,0.0147949336,0.0280714207,0.0429086098,0.0107397741,0.0139841787,0.0212969926,0.0504773484,0.0216305782,0.0129625955,0.0456367564,0.012851795,0.016228328,0.0256808031,0.0155256041,0.0611191918,0.0183693328,0.0082809006,0.0067203834,0.0281624963,0.0062699986,0.0190599052,0.0113313156
MT1XP1,0.0254454056,0.003287763,0.0042617521,0.0014796072,0.0257038594,0.0069920893,0.0278077874,0.015005539,0.0074161982,0.0039241312,0.001382932,0.0179107288,0.0104886246,0.0085602677,0.0112913485,0.0037041934,0.0067676489,0.0066247205,0.0307995173,0.0128011347,0.0054339988,0.0115828632,0.0371572723
MST1P2,0.1111108982,0.1775638616,0.7766341341,0.0369901808,0.0103420047,0.2000087157,1.0285737504,0.1329848687,0.3423811516,0.0830784527,0.0973860724,0.0323281061,0.0798604563,0.1968861569,0.0348196958,0.0450615132,0.2591816184,0.1422989957,0.1859328487,0.9257268555,0.0594772071,0.6014392803,0.3426164905
ESPNP,0.0028249132,0.0094523187,0.007655842,0.0229339121,0.0007955388,0.0026220335,0.0065919263,0.0057360623,0.0024720661,0.0164978488,0.0539343485,0.001168345,0.0012811838,0.0114136903,0.0014114186,0.0018520967,0.0534934309,0.0033123602,0.0006720383,0.0230420424,0.0006269999,0.020747501,0.0007082072
MST1L,0.0541465236,0.1519521876,0.5148553759,0.0326697277,0.0051710024,0.0549228618,0.8086670902,0.1009546967,0.0941486365,0.0430122486,0.0351541318,0.02804028,0.0675440094,0.3424107076,0.019999801,0.026540546,0.2197358932,0.0779729599,0.1040516968,0.9152811296,0.0233202149,0.452910998,0.1362685125
RP11-108M9.3,0.0044704251,0.0016438815,0.0025519473,0.0051786253,0.0007955388,0.0026220335,0.002028285,0.0022944249,0.001236033,0.0011784178,0.001382932,0.00233669,0.0029894288,0.0071335564,0.0014114186,0.0129646771,0.001933614,0.0024842702,0.0006720383,0.0051204539,0.0060609987,0.0017868661,0.0070820722
RP11-108M9.4,0.1283428687,0.0180826966,0.0765584202,0.094694863,0.1378271012,0.0307302327,0.0735253314,0.0281067053,0.0160684295,0.0789539905,0.0170515517,0.050238835,0.0552617275,0.1726320651,0.0705709279,0.046302418,0.0897486931,0.0695595649,0.0810343835,0.0153613616,0.0247455946,0.0345460782,0.047449884
RP11-108M9.5,0.1164923578,0.0123291113,0.0586947888,0.0872968268,0.1042155859,0.026220335,0.0662539297,0.0160609745,0.0148323965,0.0388877864,0.0248927762,0.026871935,0.0437310734,0.0870293882,0.0682138589,0.0194470156,0.0776636057,0.0695595649,0.0532052757,0.0076806808,0.0152569967,0.0325606714,0.050754851
MFAP2,0.023658648,0.018493667,0.1875681295,0.0562250749,0.0238661647,0.405541182,0.0709899752,0.0195026119,0.079724131,0.0070705066,0.0138293201,0.1892718898,0.4817251053,0.0699088528,0.0726880558,0.2981875722,0.0507573671,0.3511101848,0.1653214326,0.0179215886,0.41465591,0.0651213429,0.0804995544
PADI2,2.7611760895,0.3205568949,2.3988304999,0.1348514033,0.0182973929,0.1468338763,0.0750465452,0.0412996487,0.2873776814,0.1584971899,0.3830721677,2.4973374352,0.5711261102,1.0614731937,0.0282283712,0.0814922558,0.4289722624,0.0778404655,0.397255306,0.2176192896,0.087361981,0.3045614023,0.0720010677
RP11-380J14.1,0.03319273,0.0501383861,0.5843959409,0.044388217,0.0214795482,0.005244067,0.0527354101,0.275330991,0.0185404956,0.0724726928,0.0484026205,0.0689323549,0.0239154308,0.4479873425,0.1481989486,0.2352162837,0.363519429,0.0397483228,0.0698919878,1.3466793683,0.0016719996,0.6321535234,0.4513640703
RP11-380J14.4,0.0084747396,0.0238362819,0.1684285245,0.0147960723,0.0039776941,0.0017480223,0.0192687075,0.0596550481,0.0160684295,0.0129625955,0.0193610482,0.026871935,0.0093953478,0.1027232123,0.0522224867,0.0944569328,0.123751295,0.0182179813,0.0181450353,0.3661124518,0.0012539997,0.1981435981,0.1265330239
PADI1,0.1317115776,1.6249768751,0.5818439936,0.0266329302,0.1567211483,0.0069920893,0.006084855,0.6757081404,0.0123603304,0.3818073572,0.0580831446,0.2593725898,0.0708921697,0.4594010327,0.113619194,0.0703796754,0.1469546628,0.0066247205,0.0188170736,0.038403404,0.0016719996,0.0325606714,5.3164077551
PADI3,0.0035311415,0.0386312155,0.007655842,0.0029592145,0.0015910776,0.0069920893,0.0010141425,0.6252307921,0.0037080991,0.0671698128,0.0055317281,0.00467338,0.0025623676,0.0114136903,0.0014114186,0.0055562902,0.0087012629,0.0082809006,0.0033601917,0.0051204539,0.0054339988,0.005559139,6.1701373986
PADI4,0.0416674696,0.0049316445,0.0255194734,0.0029592145,0.0007955388,0.0034960447,0.0091272825,0.0229442493,0.0098882643,0.0117841777,0.0304245043,0.01402014,0.0051247352,0.0057068451,0.0042342557,0.0092604836,0.1566227327,0.0165618012,0.0047042684,0.0076806808,0.0020899995,0.0246190443,0.0023606907
ACTL8,0.0007062283,0.0073974668,0.0051038947,0.0014796072,0.0182973929,0.0192282457,0.002028285,0.0011472125,0.001236033,0.0011784178,0.001382932,0.001168345,0.0034164901,0.0028534226,0.0028228371,0.0055562902,0.000966807,0.0082809006,0.0094085368,0.0025602269,0.0012539997,0.0011912441,0.0009442763
IGSF21,0.2969689995,0.0221924004,0.0510389468,0.0177552868,0.126490673,0.218502792,0.0740324027,0.0722743851,0.1470879315,0.0282820265,0.0649978046,0.1261812599,0.0896828653,0.0513616061,0.0536339052,0.0722317721,0.0802449803,0.0811528257,0.0799725629,0.0076806808,0.0762849834,0.19576111,0.0651550645
KLHDC7A,0.1045217882,1.4593558127,0.0867662096,1.3819531563,0.0684163389,0.0506926478,0.1419799504,0.1869956314,0.2051814843,0.4967030896,0.3655504191,0.1402013999,0.0418520038,0.3352771512,0.0225826969,0.0185209672,0.6975512448,0.0496854035,0.0853488697,0.3187482535,0.5907718118,0.3493323255,0.389986111
ALDH4A1,0.4420989148,1.4959321764,0.1939479979,5.4578715912,0.0564832565,0.1258576082,0.0862021127,0.0653911104,0.2434985085,0.1761734565,0.5702243571,0.1448747799,0.0691839247,0.1084300574,0.0395197196,0.0981611263,0.8411220831,0.0778404655,0.1001337133,1.8459236208,0.0702239848,0.2088647948,0.1303101291
RP5-1126H10.2,0.0056498264,0.0534261492,0.0433831048,0.0162756796,0.0087509271,0.0069920893,0.0152121375,0.0091776997,0.0420251233,0.0070705066,0.0110634561,0.01168345,0.0076871027,0.0142671128,0.0056456742,0.0111125803,0.0309378237,0.0115932608,0.0288976488,0.1228908929,0.0108679976,0.0135007662,0.0250233219
AKR7L,0.0274228448,0.0509192299,0.095902181,0.1841667124,0.0029196275,0.1886465705,0.0791741052,0.0250436481,0.0115321882,0.0805684229,0.0145207861,0.0431703477,0.0464044769,0.034012797,0.008821366,0.0047784095,0.033596543,0.0331236023,0.0124327094,0.0657210254,0.0273371941,0.0397399024,0.0496642119
AKR7A3,0.1244162393,1.1818110776,0.1505648931,2.0263516987,0.0189576902,0.1497530736,0.5215937719,0.0307797104,0.0133862378,0.1826901067,0.0138293201,0.1279688277,0.0735997382,0.041859709,0.0183484413,0.0166688705,0.093615921,0.0364359626,0.0266597611,0.1566090817,0.2356056489,0.0228321781,0.1306783968
NBL1,0.0988719618,1.0171516859,1.33849638,0.335870842,0.325375379,0.8600269895,0.2659588713,0.2799198409,0.7589242854,0.1337504168,0.5593959994,0.7074328968,0.813551707,0.3737983558,0.517990611,0.4667283739,0.3306479913,0.4604180725,1.0288907048,2.6703166942,1.004094302,0.7411523565,2.5659528046
HTR6,0.2824913193,0.0139729929,0.0102077894,0.0014796072,0.0071598494,0.0454485807,0.1622628004,0.0011472125,0.0037080991,0.0341741153,0.0055317281,0.1939452698,0.0051247352,0.0028534226,0.0014114186,0.0037041934,0.001933614,0.6997360994,0.0006720383,0.0051204539,0.0438899905,0.0011912441,0.0066099341
RNF186,0.2235212564,0.0739746681,0.0127597367,0.0162756796,0.0015910776,0.015732201,1.3914035136,0.0080304872,0.0049441322,0.0058920888,0.1756323657,0.7138587943,0.0008541225,0.0028534226,0.0014114186,0.0018520967,0.4476316373,0.0662472047,0.0006720383,0.3021067784,0.0008359998,0.005559139,0.0014164144
RP11-91K11.2,0.1154683268,0.027124045,0.0102077894,0.0073980362,0.0015910776,0.0069920893,0.5567642339,0.0034416374,0.0024720661,0.0035352533,0.0774441928,0.2780661097,0.0008541225,0.0028534226,0.0014114186,0.0018520967,0.2271996431,0.0414045029,0.002016115,0.1664147508,0.0004179999,0.0007941627,0.0004721381
PLA2G2A,0.0939283637,0.0008219408,0.0331753154,0.0073980362,0.0031821553,0.0034960447,0.1181476016,0.0022944249,0.0173044625,0.0011784178,0.001382932,0.003505035,0.0256236758,0.0114136903,0.0042342557,0.6204524018,0.0309378237,0.0149056211,0.0228493037,0.0025602269,0.0649989859,0.0015883254,0.0066099341
PLA2G2D,0.0105934245,0.0082194076,0.7732400441,0.0029592145,0.0031821553,0.0244723127,0.3937408266,0.3751384752,0.0407890903,0.3770936861,0.0276586403,0.03271366,0.2644961229,0.0542150287,0.2201812951,0.0944569328,0.0067676489,0.0099370807,0.0100805752,0.0076806808,0.0246619946,0.0329577528,0.0014164144
RP3-340N1.2,0.0035311415,0.0008219408,0.0127597367,0.0029592145,0.0015910776,0.015732201,0.00405657,0.0263858866,0.0444971894,0.0094273422,0.0069146601,0.003505035,0.0051247352,0.0085602677,0.0014114186,0.0055562902,0.0077344559,0.0066247205,0.2728475677,0.0256022694,0.0020899995,0.0087357899,0.0051935196
UBXN10-AS1,0.0310740451,0.003287763,0.0178636314,0.0754599689,0.0015910776,0.0017480223,0.00405657,0.0172081869,0.0123603304,0.0188546843,0.0546258145,0.00233669,0.0093953478,0.0057068451,0.0014114186,0.0018520967,0.0125684909,0.0066247205,0.0094085368,0.0102409077,0.0025079995,0.0039708136,0.0080263485
UBXN10,0.5487393878,0.2128826559,0.1148376303,1.019449384,0.0079553882,0.0734169381,0.211955783,0.4347935233,0.19529322,0.4383714101,1.5945206114,0.1670733348,0.079433395,0.1369642831,0.012702767,0.0129646771,0.3238803423,0.1043393474,0.2157243085,0.161294297,0.0336489927,0.1228966806,0.0141641445
VWA5B1,0.0007062283,0.0016438815,0.0127597367,0.0029592145,0.0007955388,0.0034960447,0.002028285,0.0011472125,0.0024720661,0.0035352533,0.004148796,0.00467338,0.0119577154,0.0057068451,0.0028228371,0.0037041934,0.000966807,0.0033123602,0.002016115,0.0102409077,0.0012539997,0.0019854068,0.0004721381
CAMK2N1,1.4686017464,0.4787804905,0.7706880968,5.1687563377,0.2740631248,0.6799806888,1.0316364608,1.9458673625,1.6148771643,2.009791505,2.0384417877,1.6950699748,0.3062029259,1.6414313297,1.1905315541,0.8139965092,2.7586193946,0.5705540503,0.5715686117,0.7821493289,0.4846708948,1.9021189797,2.6157020014
FAM43B,0.026130447,0.0139729929,0.0255194734,0.0118368579,0.0007955388,0.0419525361,0.0223111351,0.0080304872,0.0135963634,0.0129625955,0.002765864,0.022198555,0.0367272687,0.0057068451,0.0070570928,0.0166688705,0.0067676489,0.0049685404,0.0329298789,0.0102409077,0.0129579972,0.0742542141,0.0169969734
CDA,0.0635605469,0.0353434525,0.6022595723,0.0088776434,0.1097843577,0.5121705446,0.1034425353,0.7990334801,0.0185404956,0.0483151285,0.0885076489,0.031545315,0.9445143141,0.0085602677,0.0225826969,0.0518587082,0.1024815412,0.0182179813,0.0181450353,0.0870477158,0.0242439947,0.2640591037,0.0151084208
KIF17,0.0459048394,0.0287679265,0.0944220516,0.025153323,0.0350037082,0.026220335,0.0344808451,0.0424468611,0.0259566938,0.0506719641,0.1410590654,0.0782791149,0.0700380472,0.0342410708,0.0084685114,0.2241037033,0.0531743846,0.0414045029,0.0356180322,0.0947283966,0.0731499841,0.0297811019,0.0835684524
SH2D5,0.0847473958,0.0484945046,0.0331753154,0.0584444857,0.0437546353,0.0349604467,0.01622628,0.0206498243,0.0939385109,0.0200331021,0.0290415723,0.02103021,0.0230613082,0.0228273805,0.0183484413,0.1500198345,0.0464067356,0.0082809006,0.038978224,0.1126499852,0.0217359953,0.0202511493,0.102265123
RP5-1071N3.1,0.0049435981,0.003287763,0.0280714207,0.0014796072,0.0087509271,0.0087401117,0.0223111351,0.084320116,0.0098882643,0.0106057599,0.004148796,0.008178415,0.0128118379,0.0256808031,0.0112913485,0.0092604836,0.0106348769,0.0082809006,0.0100805752,0.0102409077,0.0050159989,0.0087357899,0.0141641445
NBPF2P,0.0183619358,0.0106852298,0.0051038947,0.0273727338,0.0137866878,0.0166062122,0.0136909238,0.0129979172,0.0111242973,0.0235683554,0.002765864,0.0110992775,0.0051247352,0.0214006692,0.0108679229,0.0311707878,0.0362552622,0.2989405111,0.0120966902,0.0038403404,0.0154659966,0.0188613645,0.0231347693
HS6ST1P1,0.0361942003,0.0410970378,0.0089318157,0.03477077,0.0501189459,0.0463225919,0.0933011102,0.0424468611,0.030900826,0.055974844,0.0311159703,0.0847050124,0.0529555967,0.0798958318,0.0317569176,0.0620452402,0.058491823,0.1341505895,0.0342739555,0.0051204539,0.0516229888,0.0573782564,0.0302168415
NBPF3,0.1749892478,0.0765062456,0.0306233681,0.1020928991,0.3007375416,0.0454485807,0.1427405572,0.0676855353,0.1026896248,0.1405498873,0.3706672676,0.0650067157,0.2120957059,0.1383909943,0.2654596025,0.2098240376,0.2419434498,0.9635324685,0.0696769355,0.0396835175,0.1089391364,0.1656941095,0.1015899655
ALPL,11.5246429849,0.0295898672,0.0918701043,4.0168821063,0.0636431059,0.0943932062,0.1389375229,0.1428279516,0.1001186761,0.0960410482,0.7619955394,0.0771107699,0.0213530632,0.0399479159,0.0451653939,2.0687920382,4.2902833718,0.3444854643,0.0576810511,3.2258859393,0.0865259812,0.1403007566,0.1081196361
RAP1GAP,0.3522878621,0.3632978143,0.135253209,1.272462221,0.1439925271,0.0751649605,0.4441944161,0.198467756,0.2472066076,1.0947501074,0.7447088892,0.6326588169,0.0659809652,0.0827492543,0.0070570928,0.0388940312,1.2998720008,0.7618428538,0.0611554893,0.7066226343,0.1232054733,0.1314339298,0.362956202
U7,0.0056498264,0.0189046374,0.007655842,0.0991336847,0.0015910776,0.0069920893,0.0070989975,0.0174032131,0.0105062808,0.0271036087,0.0304245043,0.015188485,0.0051247352,0.0142671128,0.0169370227,0.0037041934,0.0116016839,0.0223584316,0.011706908,0.0102409077,0.0157084366,0.0083387085,0.0042492433
LDLRAD2,1.5387514033,1.0463305827,6.0800145383,1.0204851091,2.3626150653,1.3625834112,2.264833744,0.3866105999,2.0623211241,2.412610051,2.3279309461,5.4682401488,2.2793284581,1.0600464824,3.0489040275,1.1998438193,4.0661001664,7.3508229549,1.7926622829,3.5484745332,2.3594088478,2.4396996358,1.966219321
HSPG2,5.0635015289,5.6797503557,7.2283908415,4.8642087808,10.0097320096,2.5786825506,7.0527526202,1.2091619355,7.037143977,12.977714559,13.4598145293,24.2943088715,12.0318446727,4.2030914362,15.3251827083,6.173964422,16.8690900989,40.4285656677,7.0605692508,4.5072795208,7.1154995954,10.1268135468,3.4932699001
WNT4,0.0056498264,0.0115071706,0.0204155787,0.0014796072,0.0015910776,0.0174802234,0.01216971,0.014913762,0.0197765286,0.0188546843,0.0096805241,0.0689323549,0.0187906956,0.0370944933,0.0070570928,0.0055562902,0.004834035,0.0099370807,0.0571232592,0.0025602269,0.0192279958,0.0393110545,0.1199230898
C1QA,8.091850846,2.1654029224,14.5563076293,0.3329116276,2.7675443266,20.6933855816,6.8317709688,5.6806175342,6.7327090397,4.7698462511,7.0636709914,11.4007104994,11.7450388694,13.7627703798,8.6799841937,17.0476242754,3.4418328917,4.6751149197,4.2976852105,0.7821493289,4.8159525145,6.2373539862,5.1461500172
C1QC,8.7827751771,2.8240487086,9.789780387,0.4912296016,3.3028624012,27.8879133938,7.6039593532,5.9567859903,7.1402291324,5.540331141,8.407991543,13.5010092536,12.8271266989,17.5167901729,9.7063959978,22.8732648669,4.0431868407,5.3371729215,5.5579788784,0.5248465219,4.9879218572,8.6278155336,5.1066839893
C1QB,12.6268534901,2.8646032655,10.1312309411,0.5474546765,4.3749623418,30.7537435735,7.6541086999,5.6825219069,8.1189818936,6.1920315198,10.071437486,14.8595958686,17.069869316,22.4124357995,12.4444774303,22.1420385601,4.7375959628,5.3726482996,5.2573559659,0.6272555993,5.4475420174,9.5380411619,4.8027639415
EPHB2,0.1101716145,0.0994548315,0.1454609984,0.019234894,0.058869873,0.4745880643,0.0547636951,0.2862295094,0.4814348684,0.6004038533,0.2503106944,0.3049380447,0.4710485737,0.313876482,0.9075421331,0.3944966017,0.1363197859,0.2103348749,0.5134372949,0.0256022694,0.1345959708,0.6640193025,0.6233781621
MIR4253,0.0049435981,0.003287763,0.0025519473,0.0029592145,0.0007955388,0.0087401117,0.0010141425,0.014913762,0.0160684295,0.0235683554,0.0165951842,0.012851795,0.0111035929,0.0085602677,0.0409311382,0.0148167738,0.005800842,0.0049685404,0.0181450353,0.0025602269,0.0041799991,0.0218394747,0.0132198682
HTR1D,0.0014124566,0.0073974668,0.0127597367,0.0014796072,0.1789962354,0.0017480223,0.014197995,0.0091776997,0.0086522313,0.0082489244,0.004148796,0.00233669,0.0051247352,0.0057068451,0.0014114186,0.0351898377,0.001933614,0.0066247205,0.0026881534,0.0025602269,0.0041799991,0.0039708136,0.0066099341
LINC01355,0.0755664279,0.0493164454,0.4797661,0.0739803617,0.0397769412,0.2150067474,0.1257536703,0.1892900563,0.1536759876,0.0966302571,0.0719124647,0.1337755024,0.0913911104,0.1883258892,0.1369076002,0.066675482,0.1981954334,0.155680931,0.0947574065,0.1740954316,0.0991704785,0.1086017517,0.310902971
RP5-1057J7.7,0.0021186849,0.0139729929,0.0280714207,0.0118368579,0.0023866165,0.005244067,0.0091272825,0.0137665496,0.0098882643,0.0058920888,0.0304245043,0.005841725,0.0059788577,0.0114136903,0.0014114186,0.0018520967,0.0222365608,0.0066247205,0.0047042684,0.0435238579,0.022989995,0.0107211967,0.022190493
TCEA3,1.2666204531,2.0882802212,1.2466262758,3.2202467756,0.1491635295,0.1782982783,0.4583924112,0.6843122339,1.2119303939,1.0193313702,2.792139735,0.9510328291,0.9299259013,1.8456793168,0.0239941155,0.212991123,5.3872419211,1.033456393,1.0913902708,1.1047379229,1.2675136648,1.4246286455,3.3308543769
ASAP3,1.5219219829,0.1487712769,0.491249863,0.8182228002,0.2166490879,0.0402045137,0.0329596313,0.2386201922,0.5226318495,0.2180072873,0.9500742932,0.3166214947,0.2844228015,0.4223065394,0.0748051836,0.1166820935,0.3963908667,0.2517393778,0.1774181228,0.4441993734,0.2388869481,0.4352011694,0.2688826758
E2F2,0.047317296,0.0770158489,0.1135616566,0.0340309664,0.0246617035,0.1171174965,0.0801172577,0.0881403335,0.0803421475,0.1143065236,0.0470196885,0.04439711,0.0368980932,0.0884560995,0.0508110681,0.1129779,0.0290042098,0.1465719404,0.0127687285,0.0640056734,0.0798379827,0.0776294057,0.0226626311
ID3,1.5448955895,0.6419357306,1.7710514542,0.3839580771,0.1113754353,0.6642484878,0.9365606012,0.1089851839,0.2706912354,0.7082290792,1.0669320483,2.115872793,0.31431709,0.4194531168,0.2117127838,0.8473342502,1.9899304914,1.7737689053,0.1508726083,0.3289891613,1.8118206067,0.5241473938,0.3871532821
HMGCL,1.0651123327,0.8655036163,0.6430907298,1.4833062518,0.3086690637,1.0627975805,0.6404309904,0.4921541464,0.3633937132,0.5238066983,0.9085863328,0.4778531046,0.4300506924,0.7333295988,0.5194020295,0.5509987747,1.0625208843,0.4877450445,0.5544316339,0.5709306067,0.4322119062,0.7522706345,1.2004112435
FUCA1,1.9702568936,0.834680838,1.3206327486,1.9159138148,1.074772951,1.3830352725,0.9994374363,2.3879227407,0.8540988293,2.300860694,2.0886837078,1.5901175435,1.2363423579,1.3311216259,0.7854544278,2.0150812333,1.4869491538,1.245447448,0.6404525419,0.6554180956,0.6372408617,1.3457087254,1.1277019686
RP11-293P20.2,0.0007062283,0.1968548111,0.0102077894,0.193088744,0.0230706259,0.005244067,0.0735253314,0.0068832748,0.032136859,0.0730619017,0.0843588528,0.012851795,0.0341649011,0.0313876482,0.0056456742,0.0500066115,0.0671930859,0.0033123602,0.0120966902,0.0179215886,0.0503689891,0.0532089021,0.0290364962
MYOM3,0.0049435981,2.5919901749,0.232227208,1.9708368353,0.3174199907,0.0821570498,1.1196133229,0.1502848326,0.3955305722,0.89795434,0.826301878,0.1483798149,0.4864227792,0.3852120461,0.0599852887,0.5417382911,0.8217859432,0.0082809006,0.1858186021,0.6426169609,0.6570958574,0.7982645683,0.4504339582
IL22RA1,0.0550858073,0.2276775895,0.1658765771,0.2197216742,0.0214795482,0.0437005584,0.3508933059,0.0378580113,0.161920328,0.1498593877,0.2212691221,0.02570359,0.0700380472,0.0142671128,0.0084685114,0.0648233853,0.245568976,0.0115932608,0.0584673359,0.1433727084,0.0313499932,0.359588937,0.1069392907
IFNLR1,0.1398332031,0.0756185496,0.2181914976,0.237476961,0.0230706259,0.0454485807,0.1044566778,0.3286763705,0.1069168578,0.1284475368,0.3606548398,0.043228765,0.0264777983,0.1754854877,0.0211712784,0.079640159,0.1530745511,0.0753561953,0.0379701664,0.0614454465,0.0247664946,0.036531485,0.054059818
GRHL3,0.0324865017,0.0016438815,0.0178636314,0.0014796072,0.0023866165,0.0034960447,0.0010141425,0.0080304872,0.0098882643,0.0164978488,0.0138293201,0.00467338,0.0136659604,0.0428013385,0.0028228371,0.0166688705,0.0067676489,0.0049685404,0.0033601917,0.0102409077,0.0050159989,0.0027795695,0.0014164144
RCAN3,0.4454534992,0.1874024924,0.5014576524,0.5568205903,0.338899539,0.2062666357,0.4102206423,0.4267630361,0.3497973498,0.5697649913,0.622319406,0.2044603748,0.2084058966,0.6534337671,0.543396145,0.6062468199,0.6535615266,0.3063933216,0.1391119372,0.0204818155,0.0904969804,0.2899488083,0.4461705507
RP4-594I10.3,0.0692103732,0.036987334,0.0204155787,0.0872968268,0.0533011012,0.026220335,0.0740324027,0.0562134107,0.0618016519,0.0813108261,0.0746783287,0.038555385,0.0298942884,0.0941629446,0.095976462,0.1111258033,0.0812117873,0.0579663041,0.0147848436,0.0025602269,0.0196459957,0.0432818681,0.0660993408
NCMAP,0.007062283,0.003287763,0.0689025782,0.0014796072,0.0015910776,0.0017480223,0.0375232726,0.2323105237,0.0024720661,0.0695266484,0.2357899083,0.01635683,0.0017082451,0.0370944933,0.0042342557,0.0018520967,0.0473735426,0.0082809006,0.0006720383,0.0025602269,0.0029259994,0.0023824882,0.0047213815
RUNX3,0.2429425346,0.2646649235,0.7477205707,0.2101042272,0.0556877177,0.9701523967,1.1038941141,0.6223627609,0.2101256165,0.7918967408,0.6008839598,0.4404660646,0.2237801021,1.3573731135,0.3637225625,1.3085063339,0.3760879199,0.2931438807,0.0944213873,0.1100897582,0.3615699215,0.9017399996,0.047685953
RHD,0.0268366753,0.0053426149,0.0535908941,0.0170154832,0.0087509271,0.0066949255,0.0108209005,0.0212234306,0.001236033,0.0119845087,0.0276586403,0.0146043125,0.0034164901,0.0361528639,0.0214112195,0.0287074992,0.0246535783,0.0659656541,0.0146705971,0.0281624963,0.0211089954,0.0126390997,0.0871094885
RP3-469D22.1,0.0452268602,0.0121236262,0.0063798684,0.0252716916,0.0076928604,0.0166062122,0.0132649839,0.0104166892,0.0105062808,0.0096276732,0.0142856877,0.0155740388,0.0139478209,0.0028534226,0.0061114424,0.0055562902,0.0133709407,0.0102186313,0.01086686,0.0025602269,0.0095094979,0.012674837,0.0258495637
MAN1C1,2.1898938944,0.0460286824,0.1020778936,0.0266329302,0.0572787953,0.6625004655,0.185588078,0.2311633112,0.1878770218,0.2586627003,0.1645689096,0.7500774893,0.7042240235,0.2853422564,0.1510217858,0.1685408017,0.3915568318,0.5274933673,0.4680747067,0.0179215886,0.1761869618,0.1473171842,0.149195655
