"","UTSW15_G","UTSW24_G","UTSW31_G","UTSW32_G","UTSW37_G","UTSW39_G","UTSW45_G","UTSW46_G","UTSW47_G","UTSW48_G","UTSW49_G","UTSW50_G","UTSW52_G","UTSW54_G","UTSW60_G","UTSW62_G","UTSW65_G","UTSW70_G","UTSW79_G","XP615_G","XP659_G","XP681_G","XP685_G"
"RP11-34P13.15",0.000836117935137189,0.0112922918192988,0.0221212924834182,0.0033624652994792,0.00185731663488348,0.000815225886961576,0.00584363210809111,0.0011642377956543,0.00178007121556547,0.00499019421967815,0.0155068660191431,0.00199555326395234,0.00117682750094446,0.103281499585275,0.0017992342795268,0.0123541289878461,0.000611988400045154,0.00749251464385163,0.0010902583808725,0.00876471711304652,0.00847974121676963,0.037645476396023,0.0070049650796315
"RP11-34P13.16",0.00111203685373246,0.00837992458609766,0.0199266427462573,0.00401254192404518,0.00434009513449159,0.00122283883044236,0.0139594176356338,0.00749478080952457,0.00113479539992299,0.00532287383432336,0.0344190018290168,0.00352215151087588,0.00117682750094446,0.0753556321793972,0.0017992342795268,0.00730217266960191,0.00546060558767562,0.0105794306771185,0.00258476986925953,0.00462495340518794,0.00740064057456339,0.0405499181535613,0.00555727229650765
"RP5-857K21.4",0.0609780810095552,0.0241140343554045,0.0706754902082166,0.0235708817493492,0.0124901683352021,0.0103941300587601,0.0241407971808599,0.0314708029137803,0.0124827493991528,0.0133071845858084,0.0362233878137465,0.0222803521920279,0.00764937875613897,0.0157681678756145,0.0299212660685308,0.0148911376192788,0.0419963130703713,0.0217282924671697,0.0235385559420957,0.0203584031871344,0.167727444500653,0.0172021176412803,0.0214818929108699
"MTND1P23",1.12959533037034,1.39942908910326,0.927870718520899,3.03204704271705,0.00190689592903848,0.685873995477383,1.8510587577241,2.62948927337502,0.852824702414018,2.36972679706003,1.54842094432447,2.70318642911616,0.34725825897869,0.505428726835411,0.206012325005819,0.76459924915226,0.74643946976962,4.69729719069919,1.11909510254187,3.13589448562371,0.970172702911765,0.711200730262644,0.521578024887562
"MTND2P28",38.6013827974733,38.4591555973875,12.5492402572351,52.1133477754611,0.0177341321400579,8.996205164575,45.2427524117627,30.2405237291676,5.37567414870315,25.1925796685268,4.3073542486,23.5150808185657,8.60062019342738,8.24602233697459,6.9122082933721,14.5376440731418,10.9420549439037,25.2575066248925,35.8523015984947,36.636701435081,32.3011327957459,17.1323820671118,18.8928111176709
"AC114498.1",3.05872843621562,4.91841127846263,3.97516130024788,7.91972660204002,0.000953447964519241,2.11850305567044,5.25097986838524,3.52046590541682,3.71546847861582,4.91381098015561,1.44531317376848,7.2544148249133,0.805044156846084,1.50178536070286,0.278881313326655,0.984690263165201,4.47372143905917,2.92606672889267,1.00491809985735,7.14757202620748,5.38332697612519,3.20903874923782,0.77158522857961
"MTCO1P12",67.531656996954,57.2051201635882,50.097026779183,80.9484603648043,0.0390265320837016,19.523958898467,59.4939585236171,64.2653369247334,44.4967591049161,54.7112418759963,31.5973220196332,52.8430386729972,17.9787703167288,37.2851739729903,11.9757033645304,21.9278619727267,33.2010494532206,41.4002792753637,33.1498511996189,84.6211212446248,61.2182978158855,32.2546948770908,16.8523270563305
"MIR6723",1.58653378192282,1.53746430589196,1.63029458616601,2.31799391171964,0.00266965430065388,0.531796302841645,1.5529135824943,1.54279699139752,1.10867285483456,1.37812530366778,7.05616671118674,1.58000923003322,0.495291390322494,1.14505635157669,0.29867289040145,0.531117241754278,1.01023985137454,8.68181647829949,0.643834324187714,2.73057327298699,1.41532850400799,0.78749483812556,0.408167640248328
"MTCO2P12",1.07638478497821,1.24954291885618,0.799755612404245,1.43922481391842,0.00266965430065388,0.428335985527351,1.21948006559465,0.659336969623923,0.73467247548086,0.794405651811297,0.433798810990466,1.38341730023496,0.544082658511651,0.553116382205027,0.202413856446766,0.49673525956221,0.40538111618991,0.505235247464203,0.731275496352522,1.09762430560349,0.595678860889935,0.36953770191921,0.328968726728561
"MTATP8P1",0.0121237100594892,0.0405991319018262,0.0252481828168952,0.0353058856445316,0.000381379185807696,0.00855987181309655,0.0298711547783038,0.0211018100462342,0.0076617231903297,0.0257826701350038,0.00339170297881521,0.0114744312677259,0.0105914475085001,0.00921037843201784,0.00719693711810722,0.01433961400375,0.00194723581832549,0.00599401171508131,0.00183751412506602,0.0123919013825975,0.0155589475574844,0.00283563328697316,0.00350248253981575
"MTATP6P1",33.710076154562,38.5878401005124,28.6618342421349,57.7613816129553,0.0196410280690964,11.0853356315382,36.0112795864106,31.4498248039999,3.31521946579593,34.1475829996237,11.9898056982309,27.5772290426671,18.7629493219831,13.6286706488843,13.5848845271108,16.3133184752261,12.4612605117067,34.2822105433532,35.4229970484085,41.953265364071,37.9403290752106,15.159259337174,13.8676748850847
"MTCO3P12",3.60238904000052,2.49076086345142,2.78593304621394,6.40056477973531,0.00324172307936542,1.49057531623829,2.86289998209602,4.03471701624354,2.19119349672711,3.59704843140914,1.06238990746025,2.67151699881723,1.62102104117594,1.66547220619669,0.624334294995801,1.70779287548507,1.08258800732169,1.97451736912351,1.01226815635762,2.79459092329349,2.44987989204202,1.13007048407859,0.560973170165956
"RP11-54O7.1",0.00250835380541157,0.000915838752578979,0.00485541977247985,0.00112082176649307,0.00572068778711545,0.00163045177392315,0.000666320650865577,0.00363824311141969,0.00296678535927578,0.0399215537574252,0.123457988428874,0.00498888315988085,0.00117682750094446,0.00147366054912285,0.00359846855905361,0.0132365667726923,0.0244795360018062,0.00299700585754065,0.0128625988754621,0.000782564027950582,0.0114797940660239,0.00760514674667131,0.00583747089969291
"RP11-54O7.3",0.0100334152216463,0.0137375812886847,0.105848151040061,0.0134498611979168,0.00533930860130775,0.00489135532176946,0.00133264130173115,0.011642377956543,0.00222508901945684,0.203766263970191,0.383940777201882,0.00897998968778552,0.00470731000377783,0.00294732109824571,0.00359846855905361,0.0121335195416346,0.031712126184158,0.00299700585754065,0.0551254237519805,0.0356066632717515,0.121685817099853,0.143230263728976,0.0194582363323097
"PLEKHN1",0.181019532957201,0.0769304552166343,0.341821551982581,0.690986619042976,0.123185477015886,0.0578810379742719,0.157917994255142,0.148440318945923,0.0845533827393598,0.0765163113683983,0.256751915496311,0.0409088419110229,0.0388353075311671,0.331573623552642,0.142139508082618,0.206269832207788,0.150771687647488,0.0389610761480285,0.111475856920672,0.224008953000854,0.126277734726263,0.187955769596305,0.25821079612975
"PERM1",0.696486239969278,0.0549503251547388,0.129154165947964,1.62238950699872,0.0400448145098081,0.01548929185227,0.0866216846125251,0.0814966456958011,0.0281844609131199,0.0249509710983908,0.122101307237348,0.0339244054871898,0.0141219300113335,0.208154552563603,0.0395831541495897,0.0659953158341816,0.0534098967312134,0.0839161640111383,0.0447128437099397,0.537817128209037,0.0352047018024732,0.0637383727340072,0.0766654511493003
"RP11-54O7.17",0.00836117935137189,0.119251363973309,0.0446698619068146,0.0487557468424484,0.0596858425789045,0.01548929185227,0.0877344400994706,0.00218294586685182,0.00890035607782734,0.0116437865125824,0.233729035676114,0.130708738788878,0.00470731000377783,0.00442098164736856,0.017992342795268,0.0518432198597115,0.0274087350256587,0.00599401171508131,0.0134751035838174,0.00352153812577762,0.00459191762640955,0.0162967430285814,0.0528291116422209
"HES4",0.110367567438109,0.334281144691328,0.329197460574134,0.0947094392686642,0.41227089985812,0.241306862540627,0.657325322078892,0.0283782962690736,0.1409223045656,0.0998038843935631,1.48013917995496,0.750826915562067,0.028243860022667,0.0906301237710556,0.327460638873878,0.819564092675864,0.126292151645682,0.00599401171508131,0.0594129567104678,0.0367805093136774,0.0696440840005448,0.0706192197905193,0.318336746396587
"ISG15",0.268811916146606,0.0824254877321082,0.0650626249512299,0.342971460546879,2.98410143935232,0.0434107784807039,0.267860901647962,0.238668748109132,2.35488587892515,0.0532287383432336,12.0025585014313,2.09017242196264,0.164755850132224,0.168734132874567,0.354449153066781,6.38057670805321,0.136445595555522,0.143856281161951,0.325240000136685,0.281136127041247,0.119389858286648,0.106109904608319,8.24219757858508
"RP11-465B22.3",0.157190171805791,0.0732671002063184,0.117501158494012,0.0666888951063375,0.149351902954152,0.0281252931001744,0.0446434836079937,0.140676308146154,0.248468273839347,0.0582189325629118,0.106499473534798,0.18758200681152,0.00470731000377783,0.0943142751438627,0.0989578853739743,0.0518432198597115,0.0846574680844281,0.0269730527178659,0.0171501318339495,0.0481276877189608,0.0137757528792286,0.118604074263564,0.0249065425053564
"RP11-54O7.18",0.0518393119785057,0.0228959688144745,0.031074686543871,0.0212956135633683,0.0353729194836638,0.00244567766088473,0.00666320650865578,0.0167359183125306,0.0318929426122146,0.0133071845858084,0.00814008714915651,0.0319288522232374,0.00117682750094446,0.0147366054912285,0.00719693711810722,0.0154426612348077,0.0175251223649294,0.00299700585754065,0.00183751412506602,0.00899948632143169,0.00153063920880318,0.037663583888277,0.00194582363323097
"RP11-465B22.8",0.00250835380541157,0.0338860338454222,0.113616822676028,0.0123290394314237,0.00305103348646157,0.00652180709569261,0.00732952715952135,0.0560289439158633,0.026701068233482,0.0282777672448429,0.00542672476610434,0.0209533092714996,0.00470731000377783,0.0508412889447385,0.0215908113543217,0.00220609446211538,0.0123315662609099,0.0329670644329472,0.0539004143352698,0.0179989726428634,0.0130104332748271,0.0624708482762286,0.0173178303357556
"TNFRSF18",0.00501670761082313,0.00366335501031592,0.0369011902708468,0.00224164353298614,0.000381379185807696,0.00244567766088473,0.00533056520692462,0.0822242943180851,0.00222508901945684,0.00166339807322605,0.00814008714915651,0.000997776631976169,0.00588413750472228,0.00663147247105285,0.0161931085157412,0.00110304723105769,0.00083452963642521,0.00299700585754065,0.00122500941671068,0.00195641006987646,0.000765319604401591,0.00434579814095503,0.00856162398621628
"TNFRSF4",0.000836117935137189,0.00366335501031592,0.00291325186348791,0.00112082176649307,0.00266965430065388,0.245382991975435,0.00199896195259673,0.00582118897827151,0.00667526705837051,0.0033267961464521,0.0135668119152608,0.00199555326395234,0.00706096500566674,0.0213680779622814,0.0017992342795268,0.00110304723105769,0.00139088272737535,0.00599401171508131,0.00306252354177669,0.00234769208385175,0.00382659802200796,0.0027161238380969,0.000778329453292389
"FAM132A",0.00167223587027438,0.203774122448823,0.0359301063163509,0.317192559917538,0.00915310045938472,0.0105979365305005,0.0566372553235741,0.0613626083172046,0.447984589250643,0.0715261171487202,0.0529105664695173,0.0389132886470706,0.0247133775198336,0.02063124768772,0.0107954056771608,0.0970681563330768,0.0375538336391345,0.0119880234301626,0.183751412506602,0.100168195577675,0.0084185156484175,0.0354906848177994,0.00933995343950866
"RP5-902P8.12",0.00167223587027438,0.0339135090079996,0.00485541977247985,0.0571619100911465,0.0043210261752012,0.00326090354784631,0.00844228264646687,0.0106746052889054,0.0205227377227902,0.0238364943893293,0.0171891506966355,0.0064855481078451,0.0102030944331884,0.0100724698532547,0.00899617139763402,0.00441218892423076,0.00964438083162068,0.00299700585754065,0.0161272489709961,0.0331298481232879,0.00382659802200796,0.00905374612698965,0.00531988181325348
"RP5-902P8.10",0.0075250614162347,0.0174009362990006,0.0624698307927257,0.0235372570963544,0.00724620453034623,0.00244567766088473,0.0565239808129269,0.00509354035598757,0.00877426770005812,0.0232875730251647,0.00814008714915651,0.0149666494796425,0.00882620625708343,0.0143681903539478,0.0017992342795268,0.00551523615528845,0.0344938916389087,0.0125874246016707,0.00183751412506602,0.013428798719632,0.0141584126814294,0.0269801634584292,0.020041983422279
"SCNN1D",0.0409697788217223,0.104405617794004,0.295695064144023,0.160837923491755,0.100684105053232,0.01548929185227,0.537387604923088,0.058939538404999,0.109029361953385,0.209588157226482,0.0352737109796782,0.129710962156902,0.0635486850510007,0.0729461971815813,0.0395831541495897,0.0308853224696153,0.277202927565907,0.131868257731789,0.034300263667899,0.0684743524456759,0.0987262289678053,0.210952284758859,0.170064985544387
"TAS1R3",0.0075250614162347,0.0146534200412637,0.0145662593174395,0.00784575236545147,0.033942747536885,0.00733703298265419,0.0313170705906821,0.0094594320896912,0.0170590158158357,0.0133071845858084,0.0108534495322087,0.00897998968778552,0.0141219300113335,0.0221049082368428,0.0161931085157412,0.00661828338634615,0.00751076672782689,0.0269730527178659,0.0128625988754621,0.0105646143773329,0.0198983097144414,0.00362149845079586,0.029965683951757
"MXRA8",1.09865896677027,0.241323511304561,4.71364151512343,0.258909828059899,1.42858159557404,0.436145849524443,0.545716613058908,0.94776233052483,0.971622205162818,0.0681993210022681,9.64650524379133,0.167626474171996,0.121213232597279,0.703672912206163,0.716095243251668,0.0330914169317307,1.88223430494433,0.356643697047338,1.59741227939072,4.96244588070205,0.231126520529281,6.90514006812008,0.25561506740302
"ANKRD65",0.00250835380541157,0.00183167750515796,0.000971083954495969,0.00112082176649307,0.00495792941550005,0.00489135532176946,0.000666320650865577,0.000727648622283939,0.000741696339818945,0.00499019421967815,0.00678340595763042,0.00199555326395234,0.00235365500188891,0.00294732109824571,0.0017992342795268,0.00220609446211538,0.00055635309095014,0.00599401171508131,0.00183751412506602,0.340415352158503,0.00306127841760637,0.312535316303683,0.00233498835987717
"RP4-758J18.10",0.00334447174054876,0.000915838752578979,0.000971083954495969,0.00784575236545147,0.00190689592903848,0.00244567766088473,0.0353149944958756,0.00145529724456788,0.00741696339818945,0.031604563391295,0.0393437545542565,0.00897998968778552,0.00353048250283337,0.0279995504333342,0.00359846855905361,0.00110304723105769,0.00111270618190028,0.0989011932988416,0.00122500941671068,0.0716046085574783,0.00153063920880318,0.0401986328038341,0.000778329453292389
"VWA1",0.469062161611963,0.0686879064434235,0.509819076110384,1.31584475386286,0.270779221923464,0.00570658120873103,1.7276561731838,0.928115817723164,0.71054509354655,1.61016933488282,1.92106056720094,0.663521460264152,0.0906157175727232,0.801302923585552,0.752079928842204,0.0198548501590384,0.448142414760338,3.24875434957407,0.221726704424633,3.0077691901475,0.165309034550744,1.19998351167121,0.0377489784846809
"ATAD3C",0.117959518289155,0.0259457118605625,0.107868005665412,0.322381964696401,0.0420165449004339,0.00536418633620717,0.0344021352041898,0.120476782391552,0.0427810448807568,0.0384244954915218,0.0256684081436735,0.28681089286155,0.0176524125141669,0.0852291578585203,0.0127745633846403,0.0180568831724144,0.110497287393607,0.313187112112998,0.0196491510440393,0.335359988537942,0.00816596017896498,0.0353349603844152,0.0152941737571954
"TMEM240",0.00668894348109751,0.00641087126805286,0.0524385335427823,0.00224164353298614,0.0209758552194233,0.00163045177392315,0.00266528260346231,0.00291059448913576,0.00222508901945684,0.00166339807322605,0.0257769426389956,0.0139688728476664,0.00470731000377783,0.0110524541184214,0.00359846855905361,0.0364005586249038,0.00083452963642521,0.00599401171508131,0.00183751412506602,0.0330633301809121,0.00612255683521273,0.00434579814095503,0.00233498835987717
"C1orf233",0.00334447174054876,0.0201484525567375,0.031074686543871,0.0537994447916673,0.237980611944003,0.0228263248349241,0.000666320650865577,0.0392930256033327,0.0556272254864209,0.00166339807322605,0.0230635802559434,0.011973319583714,0.0870852350698898,0.0213680779622814,0.624334294995801,0.557038851684134,0.473178303853094,0.00899101757262196,0.479284934288052,0.143600499128932,0.0321434233848668,0.298592547268119,0.00194582363323097
"MMP23B",0.00111203685373246,0.0177031630873517,0.00825421361321574,0.00280205441623267,0.0455099782424324,0.00244567766088473,0.0143258939936099,0.0044895919994919,0.0111254450972842,0.0105293098035209,0.0289380098152514,0.00831147934436149,0.0184408869397996,0.0105587778344653,0.0143938742362144,0.00846037226221249,0.0100143556371025,0.00398601779052907,0.196099507427045,0.00443322521834005,0.00433936215695702,0.00518960727999047,0.00577131289616306
"RP11-345P4.7",0.00724914249763943,0.0152670320054916,0.170425234014043,0.0425912271267366,0.00616690143451045,0.00352992809054363,0.0670784999226377,0.0134614995122529,0.0168142560236955,0.0224558739885517,0.0153711978999905,0.0206240429829474,0.0113799219341329,0.0233354147953604,0.00539770283858041,0.0128725611864433,0.0289303607294073,0.0319780524999588,0.00469791111308545,0.00958640934239463,0.00650521663741353,0.0161772335797051,0.0646675026267981
"RP11-345P4.6",0.00125417690270578,0.00442350117495647,0.0569734956102785,0.0170028661976998,0.00190689592903848,0.0010842504296589,0.0292048341274383,0.00933573182390293,0.00580748234078234,0.0110948651484178,0.00271336238305217,0.0111451649791738,0.00117682750094446,0.00638831848044757,0.00269885141929021,0.00992742507951922,0.0102007339225708,0.00500499978209289,0.00561666817561845,0.004370620096104,0.00369649368925969,0.00355993297713233,0.010379023259654
"MMP23A",0.00111203685373246,0.0134353545003336,0.00162171020400827,0.00261151471592885,0.0204037864407118,0.00489135532176946,0.0246538640820264,0.00315071853448945,0.00519187437873262,0.0033267961464521,0.0104057447390051,0.00432037281645681,0.0102030944331884,0.010927192971746,0.00359846855905361,0.00496371253975961,0.00690712362414599,0.012977035363151,0.0412399420135649,0.0020855331344883,0.00229595881320477,0.00108644953523876,0.00583747089969291
"CALML6",0.00334447174054876,0.000915838752578979,0.00194216790899194,0.00448328706597227,0.0228827511484618,0.00407612943480788,0.0106611304138492,0.00145529724456788,0.00964205241764629,0.0033267961464521,0.00407004357457825,0.00199555326395234,0.012945102510389,0.00663147247105285,0.0017992342795268,0.0170972320813942,0.00333811854570084,0.00599401171508131,0.00857506591697474,0.000782564027950582,0.00306127841760637,0.00362149845079586,0.00972911816615486
"TMEM52",0.0150501228324694,0.00183167750515796,0.0155373432719355,0.0235372570963544,0.0286034389355772,0.00489135532176946,0.0219885814785641,0.00291059448913576,0.0118671414371031,0.0216241749519387,0.0284903050220478,0.00299332989592851,0.0176524125141669,0.000736830274561427,0.0017992342795268,0.0341944641627884,0.0155778865466039,0.00299700585754065,0.0324627495428329,0.0164338445869622,0.00153063920880318,0.0318691863670036,0.0190690716056635
"CFAP74",0.00585282554596032,0.00183167750515796,0.000971083954495969,0.00224164353298614,0.00648344615873084,0.00652180709569261,0.00399792390519346,0.011642377956543,0.00890035607782734,0.00499019421967815,0.00271336238305217,0.00299332989592851,0.00117682750094446,0.00147366054912285,0.00359846855905361,0.00110304723105769,0.00111270618190028,0.0119880234301626,0.00137813559379951,0.000391282013975291,0.00229595881320477,0.0173831925638201,0.000778329453292389
"GABRD",0.00334447174054876,0.00274751625773694,0.00679758768147178,0.172606552039932,0.0247896470775003,0.000815225886961576,0.00333160325432789,0.0269229990245057,0.0534021364669641,0.0116437865125824,0.00542672476610434,0.00498888315988085,0.211828950170002,0.00147366054912285,0.00539770283858041,0.00330914169317307,0.0375538336391345,0.00299700585754065,0.0189876459590155,0.000782564027950582,0.0107144744616223,0.056857525677495,0.323851210573164
"RP5-892K4.1",0.0585282554596032,0.0238118075670535,0.0791433422914215,0.0795783454210078,0.000381379185807696,0.000815225886961576,0.0416450406790986,0.0582118897827151,0.0200258011751115,0.0282777672448429,0.0379870733627304,0.0149666494796425,0.0235365500188891,0.000736830274561427,0.0161931085157412,0.0529462670907692,0.0802539333695577,0.0209790410027846,0.0159251224172388,0.0765621516745452,0.0298474645716621,0.0349474600501801,0.0585692913602522
"PLCH2",0.00125417690270578,0.410295761155383,0.0165084272264315,1.37852110704515,0.0237408543165291,0.0244567766088473,0.875898485182328,0.0229209316019441,0.0474685657484125,0.00748529132951723,0.00135668119152608,0.24994304631003,0.0170639987636946,0.00994720870657927,0.00449808569881701,0.0330914169317307,0.00825349810424533,0.0449550878631098,0.00857506591697474,0.104210138782039,0.00867107111787003,0.0419188445679621,0.0593787539916763
"RP3-395M20.12",0.00376253070811735,0.00915838752578979,0.0160228852491835,0.00392287618272574,0.0127762027245578,0.00774464592613498,0.0233212227802952,0.0094594320896912,0.00741696339818945,0.00249509710983908,0.00746174655339346,0.0229488625354519,0.0082377925066112,0.00405256651008785,0.0017992342795268,0.0270246571609134,0.00389447163665098,0.00299700585754065,0.00735005650026406,0.00313025611180233,0.00727053624181512,0.010502345507308,0.026074036685295
"RP3-395M20.8",0.445023770976769,0.297189675211879,0.293432438530047,0.233971543755428,0.012585513131654,0.0881829841926337,0.753888510802332,0.0725829500728229,0.0726862413022566,0.156775268401555,0.0986985566835226,0.224918808380068,0.108562336962126,0.0851628431338098,0.00629731997834382,0.0543250761295913,0.0538744515621568,0.133366760660559,0.0284814689385232,0.158958318177462,0.138140188594487,0.193206942349959,0.199123915683058
"TNFRSF14",1.22610006244388,0.79906931162516,1.29260985182958,1.02331027280817,0.0144924090606925,0.35706893848917,2.04002729430958,0.375415753694953,0.300387017626673,0.455937411871261,0.493831953715495,0.969838886280836,0.454643768439872,0.346000760328555,0.0314865998917191,0.232930483782453,0.23649735366654,0.469031416705112,0.15373868179719,0.623202689298726,0.603431548482523,0.60961769871782,0.806901927522752
"TTC34",0.0108695331567835,0.0279330819536589,0.100021647313085,0.00896657413194454,0.00457655022969236,0.00855987181309655,0.0922854101448825,0.00569748871248324,0.0040793298690042,0.0133071845858084,0.00814008714915651,0.0309310755912612,0.0300091012740836,0.0169470963149128,0.00359846855905361,0.00496371253975961,0.00751076672782689,0.119880234301626,0.00888131827115241,0.00586923020962937,0.020663629318843,0.00869159628191007,0.0424189552044352
"LINC00982",0.000836117935137189,0.00183167750515796,0.000971083954495969,0.00112082176649307,0.00114413755742309,0.00326090354784631,0.000666320650865577,0.000727648622283939,0.00148339267963789,0.00166339807322605,0.00542672476610434,0.00498888315988085,0.0117682750094446,0.000736830274561427,0.0017992342795268,0.00551523615528845,0.00055635309095014,0.00299700585754065,0.00306252354177669,0.00195641006987646,0.00229595881320477,0.00108644953523876,0.00233498835987717
"PRDM16",0.00334447174054876,0.000915838752578979,0.000971083954495969,0.00112082176649307,0.0606392905434237,0.0611419415221182,0.0326497118924133,0.00363824311141969,0.00445017803891367,0.0033267961464521,0.00542672476610434,0.00897998968778552,0.0317743425255003,0.00515781192192999,0.0197915770747949,0.0419157947801923,0.000695441363687675,0.00899101757262196,0.00245001883342135,0.00117384604192587,0.0122451136704255,0.000362149845079586,0.0217932246921869
"ARHGEF16",0.0342808353406247,0.795863875991133,1.15413327991846,1.05749533668621,0.0171620633613463,0.71862161935663,0.591692737968633,0.267192574102662,0.583344171267601,0.763499715610757,0.682410639337621,0.419565073745979,0.147691851368529,0.565517235725895,0.0593747312243846,0.0529462670907692,0.112939677462878,0.077922152296057,0.173951337172916,0.712426726945511,0.0344393821980716,0.155181208616603,0.132121424696383
"MEGF6",0.946067443607729,1.06924174363596,2.9124070204475,1.41148447519771,1.57890982924386,0.284921447493071,0.901865000946559,0.208107505973206,0.139068063716052,0.381749857805379,0.0312036674050999,0.24744860473009,0.155341230124668,0.337836680886414,0.0107954056771608,0.263628288222788,0.047568189276237,0.0509490995781911,0.135976045254885,0.215987671714361,0.647460385323746,0.340178213978608,0.352972407068098
"RP11-46F15.2",0.00334447174054876,0.0201484525567375,0.0135951753629436,0.00896657413194454,0.00381379185807696,0.00163045177392315,0.00932848911211808,0.00654883760055545,0.000741696339818945,0.0099803884393563,0.00678340595763042,0.011973319583714,0.00235365500188891,0.01547343576579,0.00359846855905361,0.00110304723105769,0.00389447163665098,0.0239760468603252,0.00122500941671068,0.00665179423757995,0.0114797940660239,0.0159345931835018,0.00778329453292389
"TP73",0.0108695331567835,0.0815096489795292,0.0524385335427823,0.0638868406901049,0.00800896290196162,0.131658980744295,0.0133264130173116,0.0218294586685182,0.00741696339818945,0.0232875730251647,0.0339170297881521,0.171617580699901,0.0188292400151113,0.0375783440026328,0.00359846855905361,0.0242670390832692,0.0712131956416179,0.185814363167521,0.151288662963769,0.0610399941801454,0.0122451136704255,0.0228154402400139,0.0548722264571134
"TP73-AS1",0.625834274450186,0.697869129465182,1.58141021989669,0.52300906089866,0.531833274608833,0.175273565696739,0.321279828227856,0.37241056488492,0.384324792403983,0.718870745306102,0.933166023967387,1.17580991641968,0.635227948459799,0.892301462493888,0.00899617139763402,0.193584789050625,1.10405767310146,1.03300797897711,0.0520629002102038,1.02822261478469,0.6000717954192,0.773052302303786,0.82240235858507
"SMIM1",0.0518393119785057,0.0100742262783688,0.104877067085565,0.128894503146703,0.00419517104388466,0.0105979365305005,0.0259865053837575,0.0371100797364809,0.0155756231361979,0.0532287383432336,0.0447704793203608,0.274887462109435,0.00470731000377783,0.0375783440026328,0.0017992342795268,0.00882437784846153,0.0573043683678644,0.0959041874413009,0.00551254237519805,0.164925368890585,0.0114797940660239,0.0584256345066896,0.0338573312182189
"LINC01134",0.00585282554596032,0.0581557607887652,0.0611782891332461,0.0250279500457902,0.0297475764930003,0.00244567766088473,0.0839564020090628,0.00582118897827151,0.0415349950298609,0.0499019421967815,0.00814008714915651,0.0448999484389276,0.0376584800302226,0.0390520045517556,0.00359846855905361,0.0231639918522115,0.0368583922754468,0.068931134723435,0.00857506591697474,0.0150643575380487,0.0466844958684971,0.0916239108051353,0.0409907206576436
"AJAP1",0.00167223587027438,0.0045791937628949,0.0893397238136292,0.273850382207251,0.000381379185807696,0.00163045177392315,0.00266528260346231,0.00291059448913576,0.00148339267963789,0.0565555344896857,0.00271336238305217,0.0468955017028799,0.0906157175727232,1.54531729332395,0.00359846855905361,0.683889283255768,0.0862903644063667,0.00599401171508131,0.00122500941671068,0.446061495931832,0.000765319604401591,0.00108644953523876,0.166562503004571
"KCNAB2",0.108695331567835,0.103489779041425,0.0864264719501412,0.0369871182942712,0.060257911357616,0.112908785344178,0.0339823531941445,0.0897409045862782,0.132021948487772,0.146379030443892,0.237419208517065,0.114744312677259,0.177700952642613,0.194891607621498,0.0449808569881701,0.249288674219038,0.0944409371887863,0.389610761480285,0.165988775964297,0.163751522848659,0.242606314595304,0.160070231525177,0.19224737496322
"CHD5",0.00668894348109751,0.00274751625773694,0.00485541977247985,0.00112082176649307,0.0221199927768464,0.00815225886961576,0.00333160325432789,0.011642377956543,0.00593357071855156,0.0133071845858084,0.016280174298313,0.0249444157994042,0.0105914475085001,0.01031562384386,0.0107954056771608,0.01433961400375,0.0027817654547507,0.0119880234301626,0.00612504708355339,0.000391282013975291,0.0198983097144414,0.00905374612698965,0.0243227954153871
"RP1-120G22.11",0.00585282554596032,0.00366335501031592,0.0116530074539516,0.0100873958984376,0.00724620453034623,0.00407612943480788,0.00799584781038693,0.0101870807119751,0.0148339267963789,0.0133071845858084,0.00271336238305217,0.00399110652790468,0.00235365500188891,0.00957879356929855,0.0359846855905361,0.0110304723105769,0.00667623709140168,0.0119880234301626,0.00428753295848737,0.00939076833540698,0.00535723723081114,0.00470794798603462,0.00116749417993858
"RNF207",0.139631695167911,0.0863910695307751,0.610326265400717,0.331202831998702,0.128143406431386,0.0244567766088473,0.229347568027932,0.449323024260332,0.578523145058777,0.331847915608597,0.0217068990644174,0.251439711257995,0.0341279975273892,0.617463770082476,0.666742246964248,0.324020124123197,0.430756380668146,0.32067962675685,0.103207043357875,0.294635356523394,0.0757666408357575,0.435666263630742,0.0457268553809278
"GPR153",0.15468181800038,0.387399792340908,0.344734803846069,0.363146252343754,0.405913308830706,0.175273565696739,0.379136450342514,0.30852301584839,0.0600774035253346,0.179646991908413,0.500615359673125,0.267404137369613,0.383645765307893,0.0714725366324584,0.0539770283858041,0.0386066530870192,0.395180382267339,0.296703579896525,1.30494128115105,0.212857415602558,0.194008519715803,0.655791803965467,0.277863614825383
"ACOT7",0.329430466444052,0.626433706764022,0.394260085525363,0.995289728645844,0.687245292825469,0.352992809054363,0.221884776738237,0.248128180198823,1.24827493991529,0.357630585743601,1.45707559969901,0.409088419110229,0.275377635221003,0.818375281047141,0.803358105808718,0.945311477016441,0.247298948927337,0.359640702904878,0.264602034009506,1.15662963331096,0.28393357323299,0.380257337333565,0.630057692440189
"HES2",0.00250835380541157,0.1985813167217,0.000971083954495969,0.00896657413194454,0.260481983906657,0.0179349695131547,0.0826237607073316,0.00291059448913576,0.00519187437873262,0.0615457287093639,0.00135668119152608,0.00498888315988085,0.00353048250283337,0.0081051330201757,0.0017992342795268,0.0799709242516826,0.00472900127307619,0.00599401171508131,0.034300263667899,0.00273897409782704,0.0214289489232446,0.00398364829587545,0.00739412980627769
"ESPN",0.0225751842487041,0.34114993533567,0.0449903196117982,0.199506274435766,0.0190689592903848,0.00489135532176946,0.920855139496228,0.0436589173370363,0.140180608225781,0.0681993210022681,0.0262246474321992,0.0927932267737837,0.0117682750094446,0.0383151742771942,0.00899617139763402,0.0176487556969231,0.0805793999277635,0.0479520937206505,0.0312377401261223,0.167468701981425,0.0183676705056382,0.0934346600305332,0.0210148952388945
"RP1-202O8.2",0.00167223587027438,0.00915838752578979,0.00291325186348791,0.00448328706597227,0.000381379185807696,0.000815225886961576,0.0513066901166495,0.00145529724456788,0.00370848169909473,0.0033267961464521,0.00135668119152608,0.00498888315988085,0.00117682750094446,0.00147366054912285,0.0017992342795268,0.00110304723105769,0.00194723581832549,0.00299700585754065,0.00122500941671068,0.0043041021537282,0.000765319604401591,0.00651869721143255,0.00155665890658478
"TNFRSF25",0.075250614162347,0.0522028088970018,0.093224059631613,0.132256968446182,0.176197183843156,0.0146740659653084,0.119937717155804,0.16808683174759,0.0489519584280504,0.0765163113683983,0.00949676834068259,0.0439021718069514,0.0353048250283337,0.202628325504392,0.0539770283858041,0.104789486950481,0.063424252368316,0.284715556466362,0.128013484046266,0.0865711455920331,0.111736662242632,0.0816647900654467,0.0929792364903087
"RP3-467L1.6",0.00250835380541157,0.0119059037835267,0.0116530074539516,0.00784575236545147,0.00991585883100011,0.000815225886961576,0.00199896195259673,0.00582118897827151,0.00296678535927578,0.0116437865125824,0.00949676834068259,0.000997776631976169,0.0105914475085001,0.0139997752166671,0.00719693711810722,0.00330914169317307,0.0027817654547507,0.0179820351452439,0.00428753295848737,0.00547794819565407,0.0091838352528191,0.0108644953523876,0.00933995343950866
"PER3",0.652590048374576,0.340234096583091,0.364156482935988,1.3005231203149,0.25075681466856,0.0146740659653084,0.0339823531941445,0.109874941964875,0.138697215546143,0.0499019421967815,0.10039440817293,0.0289355223273089,0.197707020158669,0.225941635391516,0.188919599350314,0.060667597708173,0.354675095480714,0.0449550878631098,0.00490003766684271,0.528230718866643,0.137757528792286,0.0604790241282909,0.486845073034389
"RP3-467L1.4",0.0769228500326214,0.0311385175876853,0.0456409458613105,0.130015324913196,0.0183062009187694,0.00407612943480788,0.00333160325432789,0.0160082696902467,0.01409223045656,0.0199607768787126,0.00949676834068259,0.00299332989592851,0.0117682750094446,0.0243153990605271,0.0269885141929021,0.00882437784846153,0.0440909824577986,0.00299700585754065,0.00122500941671068,0.0512579438307631,0.0114797940660239,0.00651869721143255,0.0447539435643124
"UTS2",0.0994980342813255,0.0636507933042391,0.0602072051787501,0.207352026801218,0.0472910190401544,0.00407612943480788,0.00866216846125251,0.0291059448913576,0.0244759792140252,0.0116437865125824,0.00814008714915651,0.00698443642383318,0.0305975150245559,0.0302100412570185,0.0377839198700629,0.01433961400375,0.059529780731665,0.0149850292877033,0.000612504708355339,0.0676917884177253,0.0229595881320477,0.0079672965917509,0.0762762864226541
"TNFRSF9",0.543752576757768,0.00274751625773694,0.404942009024819,0.00448328706597227,0.0152551674323079,0.156523370296623,0.00466424455605904,0.105872874542313,0.397304478350814,0.0033267961464521,0.0135668119152608,0.0199555326395234,0.025890205020778,0.0346310229043871,0.161931085157412,0.0154426612348077,0.0534098967312134,0.00599401171508131,0.042569077230696,0.0500840977888373,0.00306127841760637,0.443865336123344,0.0147882596125554
"ERRFI1",1.749158720307,0.296044876771155,6.42695406855931,1.46603487057293,10.5049104248557,16.9690898822826,0.868215808077847,5.11464216603381,2.2506404583636,2.87435187053462,19.0498389508135,3.33756283396029,10.0463763148877,2.73216665807377,5.11522305669471,7.59626712234651,12.9832727081179,1.98401787769191,7.38547764754825,0.489102517469114,0.268627181144959,8.50716423030639,1.05048402157787
"SLC45A1",0.0125417690270578,0.00549503251547388,0.0602072051787501,0.0571619100911465,0.557767059243756,1.48697201781792,0.00333160325432789,0.130249103388825,0.0207674975149305,0.0632091267825899,0.168228467749234,0.00698443642383318,0.256548395205892,0.0250522293350885,0.0521777941062773,0.01433961400375,0.0272613014565569,0.0299700585754065,0.0251126930425689,0.00352153812577762,0.0298474645716621,0.22447133847568,0.0116749417993858
"ENO1-IT1",0.0125417690270578,0.00824254877321082,0.0160228852491835,0.0145706829644099,0.00686482534453854,0.0163045177392315,0.0186569782242362,0.0334718366250612,0.0081586597380084,0.00499019421967815,0.0556239288525695,0.0129710962156902,0.0188292400151113,0.0274469277274132,0.0215908113543217,0.0132365667726923,0.065510576459379,0.0329670644329472,0.0264602034009506,0.0107602553843205,0.00382659802200796,0.010502345507308,0.0361923195780961
"SLC2A5",1.72971897831506,1.17044192579594,0.0242770988623992,4.0625529912661,3.01429522949272,0.00489135532176946,6.34992252823831,0.0341994852473451,4.88883950517279,2.60978840698801,4.50757325884542,0.171617580699901,3.59481966231,0.885669990022836,0.0125946399566876,0.0275761807764423,0.0876256118246471,0.0749251464385163,0.725818079401076,1.29260013316737,1.65385566511184,0.00434579814095503,0.124143547800136
"MIR34AHG",0.0388794839838793,0.146534200412637,0.447669703022642,0.268997223958336,0.259002232665723,0.111685946513736,0.170578086621588,0.33799278505089,0.158723016721254,0.27778747822875,0.13159807557803,0.36718180056723,0.252429498952586,0.396341004686592,0.118749462448769,0.198912507176633,0.330329084220736,0.0569431112932724,0.247451902175557,0.120906142318365,0.277428356595577,0.433105864226029,0.423411222591059
"RP3-510D11.2",0.017558476637881,0.0128217425361057,0.0359301063163509,0.0470745141927088,0.0438586063678851,0.0146740659653084,0.0119937717155804,0.0247400531576539,0.0237342828742062,0.0532287383432336,0.0230635802559434,0.0339244054871898,0.0235365500188891,0.0279995504333342,0.00719693711810722,0.0584615032460576,0.0564225487187085,0.0179820351452439,0.0159251224172388,0.0354110222647638,0.0290821449672605,0.0365771343530382,0.04397561411102
"SPSB1",3.17724815352132,0.319169805273774,0.278701094940343,0.196704220019533,0.917865286483383,0.225409957744876,1.90267861854666,0.532274967200701,0.615237113879815,1.15855675800194,0.960530283600468,0.412081749006158,0.586060095470339,0.502886662388174,0.147537210921198,0.648591771861922,1.23449187350927,0.41208830541184,0.271339585801415,0.892514273877639,1.11455789947817,0.237751373294748,1.15309508505267
"SLC25A33",0.359530712108991,0.0192326138041586,0.0781722583369255,0.235932981846791,0.18287131959479,0.000815225886961576,0.00266528260346231,0.122972617165986,0.192344111805247,0.101467282466789,0.13159807557803,0.0344232938031778,0.0776706150623342,0.102566774218951,0.198815387887712,0.183469845941826,0.153901173784082,0.143856281161951,0.197839020798774,0.103494092696464,0.0214289489232446,0.0669071838784535,0.0395975109362503
"PIK3CD-AS2",0.102006388086737,0.0146534200412637,0.0514674495882864,0.19894586355252,0.0331799891652696,0.0171197436261931,0.00333160325432789,0.00873178346740727,0.00593357071855156,0.0399215537574252,0.0108534495322087,0.0239466391674281,0.00470731000377783,0.0132629449421057,0.0107954056771608,0.00772133061740384,0.021836858819793,0.0179820351452439,0.00122500941671068,0.0680830704317006,0.00229595881320477,0.0137616941130243,0.0330790017649265
"RBP7",0.00501670761082313,0.000915838752578979,0.000971083954495969,0.00112082176649307,0.0347055059085004,0.00244567766088473,0.000666320650865577,0.000727648622283939,0.000741696339818945,0.00166339807322605,0.00271336238305217,0.000997776631976169,0.00235365500188891,0.000736830274561427,0.00359846855905361,0.00772133061740384,0.00027817654547507,0.00899101757262196,0.000612504708355339,0.00195641006987646,0.000765319604401591,0.000724299690159172,0.000778329453292389
"CASZ1",0.0919729728650908,0.207895396835428,1.47167773303864,0.150190116710071,0.254570606526637,0.114946850061582,0.543051330455446,0.143346778589936,0.461335123367384,0.916116488829248,0.0312036674050999,0.109755429517379,0.634898436759534,0.346678644181152,0.0395831541495897,0.0716980700187499,0.127822122645795,0.905095768977277,0.0655380037940212,0.109754604920069,0.0872464349017814,0.0992290575518066,0.420492487141213
"RP4-734G22.3",0.057692137524466,0.110816489062057,0.600129883878509,0.0672493059895841,0.125473752130732,0.0660332968438877,0.235877510406414,0.0847710644960789,0.219542116586408,0.354303789597149,0.0149234931067869,0.0448999484389276,0.304798322744614,0.16504998150176,0.0287877484724289,0.0496371253975961,0.0653714881866415,0.398601779052907,0.0410378154598077,0.0500840977888373,0.0573989703301193,0.0572196755225746,0.212483940748822
"ANGPTL7",0.000836117935137189,0.000915838752578979,0.0252481828168952,0.00224164353298614,0.00228827511484618,0.00326090354784631,0.000666320650865577,0.00218294586685182,0.00148339267963789,0.0033267961464521,0.00271336238305217,0.00299332989592851,0.00706096500566674,0.00221049082368428,0.00359846855905361,0.00110304723105769,0.00055635309095014,0.00299700585754065,0.00735005650026406,0.000782564027950582,0.00153063920880318,0.000362149845079586,0.000389164726646194
"PTCHD2",0.00167223587027438,0.000915838752578979,0.000971083954495969,0.00112082176649307,0.0133482715032694,0.000815225886961576,0.00266528260346231,0.0305612421359254,0.0081586597380084,0.00831699036613025,0.0230635802559434,0.00498888315988085,0.00706096500566674,0.00147366054912285,0.00719693711810722,0.00110304723105769,0.0222541236380056,0.0209790410027846,0.00980007533368542,0.00117384604192587,0.0137757528792286,0.025350489155571,0.00895078871286247
"FBXO2",0.0376253070811735,0.0137375812886847,0.320622789255934,0.0280205441623267,0.248659229146618,0.00815225886961576,0.0373139564484723,0.120789671299134,2.04918089854198,0.0133071845858084,0.0691907407678303,0.029434410643297,0.0329511700264448,0.0618937430631599,0.0017992342795268,0.144499187268557,0.0208632409106303,0.0329670644329472,0.00857506591697474,0.0729740956063918,0.0339266180631225,0.0248072643879517,0.040083966844558
"DRAXIN",0.00250835380541157,0.00228959688144745,0.00291325186348791,0.0033624652994792,0.102018932203559,0.0130436141913852,0.00333160325432789,0.00678896164590915,0.00148339267963789,0.0066535922929042,0.00271336238305217,0.000997776631976169,0.0152987575122779,0.00221049082368428,0.0017992342795268,0.00330914169317307,0.0140006255337603,0.00899101757262196,0.000612504708355339,0.00234769208385175,0.0244902273408509,0.00289719876063669,0.00739412980627769
"C1orf167",0.248327026735745,0.207895396835428,0.299579399962006,0.123290394314237,0.116320651671347,0.0383156166871941,0.0513066901166495,0.246672882954255,0.206191582469667,0.237865924471325,0.207572222303491,0.0239466391674281,0.0600182025481673,0.127471637499127,0.0125946399566876,0.0639767394013461,0.191663639832323,0.464535907918801,0.034300263667899,0.25257254002105,0.0482151350773002,0.0644626724241663,0.122586888893551
"MTHFR",1.08695331567835,0.834173411011512,1.24784288152732,0.482513770475266,0.530117068272698,0.240899249597146,0.272191985878588,0.956130289681095,0.826249722558305,0.913205542201102,0.778735003935973,0.107759876253426,0.228304535183225,0.503623492662736,0.0557762626653309,0.306095606618509,0.768740883420356,1.57342807520884,0.139651073505017,0.823061716397025,0.163013075737539,0.293884599282084,0.426913705130875
"NPPA-AS1",0.00418058967568594,0.00183167750515796,0.00388433581798388,0.00448328706597227,0.00266965430065388,0.00326090354784631,0.00266528260346231,0.00582118897827151,0.00741696339818945,0.0066535922929042,0.00678340595763042,0.00399110652790468,0.00117682750094446,0.0081051330201757,0.0017992342795268,0.00661828338634615,0.00500717781855126,0.00299700585754065,0.00122500941671068,0.00117384604192587,0.000765319604401591,0.0025350489155571,0.0070049650796315
"NPPA",0.00501670761082313,0.000915838752578979,0.00388433581798388,0.00448328706597227,0.00457655022969236,0.00244567766088473,0.00199896195259673,0.00800413484512333,0.0081586597380084,0.00166339807322605,0.00542672476610434,0.00698443642383318,0.00353048250283337,0.0132629449421057,0.00359846855905361,0.00661828338634615,0.00667623709140168,0.00599401171508131,0.000612504708355339,0.00313025611180233,0.000765319604401591,0.00398364829587545,0.0066158003529853
"NPPB",0.000836117935137189,0.000915838752578979,0.000971083954495969,0.00112082176649307,0.0716992869318469,0.00489135532176946,0.00133264130173115,0.00218294586685182,0.0200258011751115,0.00166339807322605,0.00271336238305217,0.000997776631976169,0.00235365500188891,0.000736830274561427,0.00539770283858041,0.00110304723105769,0.00083452963642521,0.00299700585754065,0.000612504708355339,0.000391282013975291,0.000765319604401591,0.000362149845079586,0.00155665890658478
"PLOD1",19.0270090956179,4.88096263186967,2.2683258767885,8.63994425275313,13.1543516286617,5.26846251256014,1.09576431034844,5.99109493157481,5.98650558632444,1.49539486783022,10.3144400948154,1.88729449938292,14.0733858769195,9.56281908894606,8.8510271683046,8.67035936358894,8.51942097289222,6.64136498031009,5.21762135812495,12.2162470608837,6.42778925303622,7.82117275075973,16.332531405891
"TNFRSF8",0.000836117935137189,0.000915838752578979,0.000971083954495969,0.00224164353298614,0.00114413755742309,0.00244567766088473,0.00199896195259673,0.00145529724456788,0.00148339267963789,0.0033267961464521,0.00542672476610434,0.000997776631976169,0.00353048250283337,0.000736830274561427,0.0017992342795268,0.00330914169317307,0.00027817654547507,0.00899101757262196,0.0208251600840815,0.00117384604192587,0.00153063920880318,0.000362149845079586,0.000389164726646194
"TNFRSF1B",0.017558476637881,0.068229987067134,0.158286684582843,0.0033624652994792,0.00228827511484618,0.012497412847121,0.149922146444755,0.0647607273832705,0.171331854498176,0.0099803884393563,0.0746174655339347,0.152490202664918,0.167109505134113,0.00294732109824571,0.0125946399566876,0.00882437784846153,0.00417264818212605,0.00599401171508131,0.0532879096269145,0.00665179423757995,0.0084185156484175,0.0153913684158824,0.0486455908307743
"DHRS3",1.14297321733254,1.29133264113636,0.635088906240364,1.99842520965714,0.0812337665770393,0.512777082898832,0.676648620953994,0.903739588876652,1.18028363644408,0.835025832759478,1.87527257698693,0.490107881626694,1.16094032968171,0.109050880635091,0.00359846855905361,0.0601160740926441,2.13127185728089,0.200799392455224,0.234283050945917,1.38807294457734,0.0956649505501989,1.21021424479471,0.0739412980627769
"RP11-474O21.5",0.0142140048973322,0.0119059037835267,0.00485541977247985,0.0190539700303822,0.00305103348646157,0.00244567766088473,0.00133264130173115,0.0094594320896912,0.0259593718936631,0.0133071845858084,0.0135668119152608,0.00299332989592851,0.00941462000755565,0.00221049082368428,0.0017992342795268,0.00220609446211538,0.0105707087280527,0.00299700585754065,0.00122500941671068,0.0254333309083939,0.00382659802200796,0.00724299690159172,0.00116749417993858
"PDPN",0.152173464194968,0.000915838752578979,0.00194216790899194,0.00112082176649307,0.968638297489962,0.000815225886961576,0.00133264130173115,0.00436589173370363,0.00148339267963789,0.0099803884393563,0.00135668119152608,0.000997776631976169,0.00117682750094446,0.00515781192192999,0.0017992342795268,0.00110304723105769,0.0375538336391345,0.00299700585754065,0.00183751412506602,0.000391282013975291,0.128573693539467,0.000724299690159172,0.0101182828928011
"KAZN",1.7211487694799,0.514243459573097,0.880773146727844,1.46939733587241,0.0724620453034623,0.0831530404700808,0.386465977502035,0.868448630695881,1.04579183914471,0.974335421392159,0.198753794558571,0.122726525733069,0.309505632748392,2.02259910367112,0.208711176425109,0.232191442137644,1.55419461369285,0.971029897843172,0.135669792900707,2.66155895136203,1.72298698497743,0.462284277244092,1.06008471538423
"TMEM51-AS1",0.715716952477434,0.212932509974613,0.584427456334309,0.176529428222658,0.0415703312530389,0.0260872283827704,0.576367362998724,0.152078562057343,0.357497635792732,0.349313595377471,0.138381481535661,0.0848110137179744,0.0917925450736676,0.407467141832469,0.0359846855905361,0.0386066530870192,0.321572086569181,0.386613755622744,0.0226626742091475,0.183511264554411,0.468628153363226,0.0554089262971767,0.976219716791978
"FHAD1",0.0234113021838413,0.0119059037835267,0.064091540996734,0.00784575236545147,0.0343241267226927,0.00978271064353892,0.0303175896143838,0.0140654478687485,0.0578523145058777,0.0399215537574252,0.367660602903569,0.0309310755912612,0.00706096500566674,0.0876828026728099,0.00899617139763402,0.106995581412596,0.0187296268068365,0.077922152296057,0.074113069710996,0.0230856388245422,0.0244902273408509,0.00507009783111421,0.125505624343398
"RP3-467K16.2",0.00334447174054876,0.00274751625773694,0.0135951753629436,0.00112082176649307,0.00266965430065388,0.00244567766088473,0.00133264130173115,0.00291059448913576,0.00445017803891367,0.0066535922929042,0.0542672476610434,0.00897998968778552,0.00117682750094446,0.0346310229043871,0.00359846855905361,0.0386066530870192,0.00333811854570084,0.0149850292877033,0.0159251224172388,0.00391282013975291,0.0084185156484175,0.000362149845079586,0.040083966844558
"EFHD2",0.898408721304909,0.416248713047146,1.18763567634857,0.52062171053603,0.858103168067317,1.86034547404632,1.36184613585859,2.21405284545445,3.9970015752843,0.775975201159953,2.83600636276613,1.89876893065065,0.571938165459006,4.51922322787584,2.3426030319439,5.62204421867177,0.508367636855691,1.4190822735455,2.17071668641132,0.475798928993954,0.383425121805197,0.505713286666036,0.888463070933262
"DNAJC16",0.983274691721334,0.564156671588651,0.327255292665142,1.1068114944119,0.381505040939013,0.144294981992199,0.564926637423363,0.465331293950579,0.83687823110791,0.582189325629118,0.565057716270614,0.392126216366634,0.257725222706836,0.756724691974586,0.363445324464415,0.486443828896442,0.709072014415954,0.773227511245489,0.29828979296905,1.36159489069164,0.257147387078935,0.416291246918984,0.756664652959995
"RP4-680D5.8",0.0560199016541916,0.0311385175876853,0.0203927630444154,0.0549202665581603,0.0133482715032694,0.00652180709569261,0.0353149944958756,0.0203741614239503,0.0281844609131199,0.0249509710983908,0.0366303921712043,0.011973319583714,0.0117682750094446,0.0294732109824571,0.0125946399566876,0.0330914169317307,0.0264267718201317,0.0359640702904878,0.0134751035838174,0.0528230718866643,0.0221942685276461,0.0155724433384222,0.0350248253981575
"AGMAT",0.336395328843745,0.331075709057301,0.00873975559046372,1.48742014987762,0.0152551674323079,0.141849304331314,0.442090425436293,0.184095101437837,1.09845227927186,0.141388836224214,0.551938609148557,0.134699845316783,0.0741401325595008,0.0817881604763184,0.0323862170314825,0.123541289878461,0.210718733197366,0.146853287019492,0.401190583972747,1.73349279369459,0.00153063920880318,0.0583785550268293,0.0207541548720415
"SLC25A34",0.0526754299136429,0.247276463196324,0.0456409458613105,0.372112826475698,0.0564441194995391,0.00815225886961576,0.0319833912415477,0.0152806210679627,0.0233634347042968,0.0432483499038773,0.0149234931067869,0.0628599278144987,0.0223597225179447,0.0294732109824571,0.0143938742362144,0.0165457084658654,0.00917982600067731,0.068931134723435,0.0196001506673708,0.0736392750301498,0.0198983097144414,0.0152609944716538,0.0626555209900373
"RP11-169K16.4",0.0075250614162347,0.0283910013299484,0.00776867163596775,0.0594035536241326,0.00419517104388466,0.00163045177392315,0.00533056520692462,0.00291059448913576,0.00741696339818945,0.0066535922929042,0.00271336238305217,0.00897998968778552,0.00235365500188891,0.00589464219649142,0.00359846855905361,0.0121335195416346,0.00166905927285042,0.0119880234301626,0.00306252354177669,0.00782564027950582,0.00153063920880318,0.00108644953523876,0.00350248253981575
"TMEM82",0.000836117935137189,0.209727074340586,0.000971083954495969,0.268997223958336,0.00190689592903848,0.00163045177392315,0.0573035759744397,0.00218294586685182,0.0600774035253346,0.00831699036613025,0.00542672476610434,0.00399110652790468,0.00235365500188891,0.00147366054912285,0.0017992342795268,0.00220609446211538,0.00027817654547507,0.00299700585754065,0.00183751412506602,0.0183902546568387,0.000765319604401591,0.00108644953523876,0.000389164726646194
"FBLIM1",0.111203685373246,0.218427542490087,0.0378722742253428,0.0358662965277782,0.00381379185807696,0.0399460684611172,0.0499740488149183,0.0988365123648274,1.97021990620485,0.0166339807322605,0.385297458393408,0.458228918235056,0.619811508197426,0.326997907547616,0.00359846855905361,0.00882437784846153,0.0130742976373283,0.854895920863471,0.0499375088722108,0.343772551838411,0.635330069593981,0.0312354241381143,0.413436930647117
"RPL12P14",0.00376253070811735,0.00579725930382494,0.00388433581798388,0.00806991671875009,0.00800133531824547,0.0150735266499195,0.00506403694657839,0.00824425889047703,0.0282289626935091,0.0038757175106167,0.0199432135154334,0.0150065605449216,0.00468377345375894,0.00954195205557048,0.00404827712893531,0.0272121751901932,0.00380545514209896,0.00299700585754065,0.0095918237328446,0.025922433425863,0.00213524169628044,0.00193025867427419,0.00254513731226611
"UQCRHL",0.0075250614162347,0.185915266773533,0.0106819234994557,0.137861077278647,0.145622014516953,0.0146740659653084,0.23654383105728,0.00545736466712954,0.0833147498518621,0.141388836224214,0.264552832347586,0.35673507923044,0.0152987575122779,0.205818800593243,0.0017992342795268,0.238346445686946,0.0127961210918532,0.0974026903700713,0.0147001130005281,0.00195641006987646,0.295283262966266,0.134267055063257,0.188744892423404
"RP11-169K16.8",0.00543476657839173,0.0297647594588168,0.030589144566623,0.0112082176649307,0.0102972380168078,0.0139974284791303,0.0510868043018638,0.0094594320896912,0.0433892358794083,0.0149705826590345,0.048840522894939,0.0169622027435949,0.0294206875236114,0.0081051330201757,0.0233900456338485,0.00992742507951922,0.0114970366244846,0.00599401171508131,0.0312377401261223,0.00502014823930298,0.0247427828103034,0.0177453424088997,0.00895078871286247
"C1orf64",0.000836117935137189,0.000915838752578979,0.000971083954495969,0.00112082176649307,0.000381379185807696,0.000815225886961576,0.00133264130173115,0.00145529724456788,0.000741696339818945,0.00166339807322605,0.00135668119152608,0.000997776631976169,0.00117682750094446,0.000736830274561427,0.0017992342795268,0.00110304723105769,0.00027817654547507,0.00599401171508131,0.000612504708355339,0.000782564027950582,0.000765319604401591,0.000362149845079586,0.000389164726646194
"RP11-5P18.5",0.000836117935137189,0.000915838752578979,0.000971083954495969,0.00112082176649307,0.000381379185807696,0.000815225886961576,0.000666320650865577,0.000727648622283939,0.000741696339818945,0.00166339807322605,0.00135668119152608,0.000997776631976169,0.00117682750094446,0.000736830274561427,0.0017992342795268,0.00110304723105769,0.00027817654547507,0.00299700585754065,0.000612504708355339,0.000391282013975291,0.000765319604401591,0.000362149845079586,0.000389164726646194
"HSPB7",0.283025921043938,0.00824254877321082,0.0203927630444154,0.0358662965277782,0.00495792941550005,0.0342394872523862,0.00666320650865578,0.0291059448913576,0.0178007121556547,0.00831699036613025,0.0569806100440956,0.0538799381267131,0.00117682750094446,0.00884196329473713,0.00719693711810722,0.00110304723105769,0.00611988400045154,7.92132624194855,0.00673755179190872,0.0269984589642951,0.0091838352528191,0.0264369386908098,0.00272415308652336
"CLCNKA",0.793266890961408,0.0144977274533252,0.0364156482935988,0.0633264298068583,0.00896241086648087,0.17568117864022,0.0252069102222448,0.0553012952935793,0.0432631475016391,0.0279949895723944,0.450865860379864,0.143510212977132,0.00764937875613897,0.0241901379138517,0.00899617139763402,0.00220609446211538,0.0171996558067236,0.78920155246618,0.0182710154502397,0.061235635187133,0.014923732285831,0.0529354428552831,0.00531988181325348
"RP11-5P18.10",0.158168429789902,0.00427696697454383,0.0471267043116894,0.0364267074110247,0.0130927474487782,0.0370927778567517,0.0108810162286349,0.089522609999593,0.0180454719477949,0.0476896227593909,0.0205808536754507,0.00698443642383318,0.0050956630790895,0.00270416710764044,0.00449808569881701,0.00698228897259518,0.0338902485352278,0.00848152657684005,0.00163538757130875,0.0607152301085459,0.0646542001798464,0.0582445595841498,0.0121925308858253
"CLCNKB",0.114063208711415,0.0402969051134751,0.0271903507258871,0.049316157725695,0.00311586794804888,0.0483673518734303,0.000886206465651218,0.0156444453791047,0.0147078384186097,0.0396387760849768,0.271783943098421,0.0199555326395234,0.0329511700264448,0.00355889022613169,0.00359846855905361,0.00220609446211538,0.0057499091949697,0.0294605675796246,0.0130647254292194,0.177739854848276,0.0126277734726263,0.0138232595866878,0.00907921307265571
"FAM131C",1.24372542851657,0.0630371813400112,0.309872889879664,0.239665318329213,0.0545372235705006,0.322968039637568,0.0704101031769656,0.69197928681958,0.312380247441545,0.458266169173777,0.209376608288221,0.0144677611636545,0.0303974543493953,0.0763871945637832,0.083970263825516,0.060303592121924,0.203577941275021,0.021968052935773,0.0665608866569747,0.34869879239436,0.462107630333725,0.395058401501968,0.112079441274104
"EPHA2",0.466135748838983,0.827918232331397,1.03209715935695,1.43353103934463,2.6586896490619,0.520521728824967,0.321386439531994,0.586484789560855,3.4296038753228,1.58272326667459,0.638318500613023,1.13746536045283,1.64873532882318,3.61409355030184,1.58332616598359,5.07631160110598,0.785014211330648,1.48351789948262,0.842193973988591,1.1986924498133,1.25665479042741,1.01196617660124,4.68990195375862
"ARHGEF19-AS1",0.0434781326271338,0.00732671002063184,0.0213638469989113,0.0112082176649307,0.0564441194995391,0.00978271064353892,0.00732952715952135,0.058939538404999,0.0556272254864209,0.0116437865125824,0.0230635802559434,0.00498888315988085,0.00588413750472228,0.0184207568640357,0.0413823884291165,0.0474310309354807,0.0425610114576857,0.0299700585754065,0.0294002260010563,0.052431789872689,0.000765319604401591,0.037663583888277,0.0303548486784032
"ARHGEF19",0.265049385438489,0.0494552926392649,0.160228852491835,0.0840616324869801,0.54804189000566,0.0937509770005813,0.0366476357976068,0.365279608386537,0.368623080890016,0.108120874759693,0.105821132939035,0.0129710962156902,0.0400121350321115,0.145155564088601,0.233900456338485,0.27686485499548,0.349111564571213,0.146853287019492,0.262458267530263,0.349348320537559,0.0145410724836302,0.279036455633821,0.194582363323097
"ANO7P1",0.0183945945730182,0.00366335501031592,0.00291325186348791,0.0313830094618059,0.0436679167749812,0.00326090354784631,0.00633004618322299,0.0181912155570985,0.0192841048352926,0.0116437865125824,0.00949676834068259,0.00798221305580935,0.00353048250283337,0.00221049082368428,0.00539770283858041,0.0617706449392307,0.00848438463698964,0.00599401171508131,0.0226626742091475,0.0238682028524928,0.00459191762640955,0.010502345507308,0.0210148952388945
"MT1XP1",0.00167223587027438,0.00183167750515796,0.00194216790899194,0.00112082176649307,0.00679999088295123,0.00815225886961576,0.00266528260346231,0.0129739749353226,0.00296678535927578,0.00166339807322605,0.00542672476610434,0.00199555326395234,0.00235365500188891,0.00773671788289499,0.0017992342795268,0.00551523615528845,0.0053771526240331,0.00299700585754065,0.0603317137730009,0.00391282013975291,0.00459191762640955,0.00108644953523876,0.00214040599655407
"MST1P2",0.0586954790466307,0.227695830666186,0.400737215501852,0.0401590438934466,0.0334011890930381,0.088452008735331,0.359979731630128,0.188300910474638,0.195177391823355,0.0749859851410304,0.218656307638259,0.0625306615259465,0.0428600575843971,0.163760528521277,0.0359846855905361,0.0466037455121874,0.128898665876783,0.255734509823944,0.124442581596554,0.143291386337891,0.034630712099172,0.243455233354752,0.151206062891112
"ESPNP",0.000836117935137189,0.0100742262783688,0.00339879384073589,0.0156915047309029,0.00203275106035502,0.00203806471740394,0.00399792390519346,0.00509354035598757,0.00259593718936631,0.0141388836224214,0.0146928573042275,0.000997776631976169,0.0041188962533056,0.00368415137280714,0.0017992342795268,0.00110304723105769,0.0187769168195672,0.0389610761480285,0.000612504708355339,0.00899948632143169,0.00153063920880318,0.00543224767619379,0.000389164726646194
"MST1L",0.023135383265246,0.187930112029207,0.22524292324534,0.0240080022382815,0.0166205049174994,0.0146740659653084,0.271878815172682,0.0852222066418949,0.0396214184731281,0.0461592965320229,0.0925934913216553,0.0582003109431699,0.0363875063292026,0.274712431264737,0.0233900456338485,0.0341062203843038,0.0770187401456826,0.207782416103294,0.0879985514494115,0.341753536646299,0.0224468239970987,0.195915823191155,0.0638346901117753
"RP11-108M9.3",0.0125417690270578,0.000915838752578979,0.0131096333856956,0.00635505941601569,0.00228827511484618,0.00326090354784631,0.000666320650865577,0.00181912155570985,0.00185424084954736,0.00166339807322605,0.0465748653050905,0.00199555326395234,0.0111798612589723,0.0194007411292024,0.0017992342795268,0.0176487556969231,0.00083452963642521,0.00698302364806972,0.000612504708355339,0.0277145050498699,0.00905373092007082,0.000724299690159172,0.0221317980043691
"RP11-108M9.4",0.0722405895958531,0.00366335501031592,0.147604761083387,0.0722930039388029,0.130305826414916,0.000815225886961576,0.0486414075131872,0.0167359183125306,0.000741696339818945,0.0669517724473486,0.00203502178728913,0.0164633144276068,0.0686443481300902,0.0501044586701771,0.0773670740196526,0.0466919892906721,0.0728822549144684,0.140859275304411,0.0697214109520882,0.000782564027950582,0.00382659802200796,0.00235397399301731,0.0359004460331114
"RP11-108M9.5",0.061872727200152,0.00274751625773694,0.117209833307663,0.0519276724416238,0.101286684166808,0.000815225886961576,0.0320033808610737,0.0145529724456788,0.000741696339818945,0.0914868940274328,0.00135668119152608,0.00698443642383318,0.0608419817988284,0.0532359873370631,0.0503785598267505,0.0352975113938461,0.0520190140038381,0.115384725515315,0.0602275879725804,0.000586923020962937,0.000765319604401591,0.0025350489155571,0.0254902895953257
"MFAP2",0.00167223587027438,0.0109900650309478,0.149546928992379,0.0033624652994792,0.000381379185807696,0.0619571674090798,0.00199896195259673,0.000727648622283939,0.000741696339818945,0.0066535922929042,1.52287463748803,0.011973319583714,0.88712787503696,0.00294732109824571,0.224904284940851,0.509607820748653,0.00472900127307619,0.00599401171508131,0.268583314613816,0.00156512805590116,0.163969725243041,0.00470794798603462,0.00505914144640053
"PADI2",3.50939600325457,0.0622770351753706,7.84053184860046,0.0930282066189246,0.0211017103507398,0.01548929185227,0.00866216846125251,0.0574842411604312,0.0229925865343873,0.0365947576109731,0.00271336238305217,2.01900101480378,0.0300091012740836,2.77969221078298,0.00539770283858041,0.0231639918522115,0.162788914412011,0.00599401171508131,0.00122500941671068,0.00704307625155524,0.0489804546817018,0.0264369386908098,0.102155740744626
"RP11-380J14.1",0.0610366092650148,0.130964941618794,0.589933502356301,0.145146418760852,0.0659785991447315,0.00163045177392315,0.0139927336681771,1.0576372724897,0.924153639414406,0.241192720617777,0.00746174655339346,0.249444157994042,0.0458962725368338,0.457718966557559,0.233900456338485,0.339738547165769,0.283461899839096,0.077922152296057,0.0330752542511883,0.221532137852391,0.00306127841760637,0.792746010879214,0.584038963514276
"RP11-380J14.4",0.0150501228324694,0.0503711313918439,0.181592699490746,0.0459536924262158,0.0118227547600386,0.000815225886961576,0.00466424455605904,0.305612421359254,0.286168698792344,0.0598823306361378,0.00135668119152608,0.0668510343424033,0.0176524125141669,0.145155564088601,0.0521777941062773,0.0871407312535576,0.0867910821882218,0.0179820351452439,0.00857506591697474,0.0610399941801454,0.00306127841760637,0.252780591865551,0.196722769319651
"PADI1",0.245258473913792,2.76812262966997,0.168483066105051,0.225285175065107,0.454222610296966,0.00896748475657734,0.0413118803536658,0.338720433673174,0.411641468599515,0.412522722160061,0.0149234931067869,3.32741544561309,0.0423657900340004,0.653568453535986,0.113351759610189,0.350769019476346,0.159951513648165,0.0119880234301626,0.00306252354177669,0.0250420488944186,0.00382659802200796,0.0206425411695364,2.35898814856944
"PADI3",0.013377886962195,0.142870845402321,0.00388433581798388,0.0112082176649307,0.0209758552194233,0.00733703298265419,0.00133264130173115,0.357275473541414,2.53029706329233,0.0881600978809807,0.0284903050220478,0.185586453547567,0.0105914475085001,0.0250522293350885,0.0125946399566876,0.0121335195416346,0.0289303607294073,0.0119880234301626,0.00122500941671068,0.00273897409782704,0.0084185156484175,0.00615654736635296,5.62152339287694
"PADI4",0.000836117935137189,0.00183167750515796,0.000971083954495969,0.00224164353298614,0.000762758371615393,0.00244567766088473,0.00133264130173115,0.000727648622283939,0.00222508901945684,0.00166339807322605,0.00271336238305217,0.000997776631976169,0.00117682750094446,0.00442098164736856,0.0017992342795268,0.00220609446211538,0.00139088272737535,0.00899101757262196,0.000612504708355339,0.000391282013975291,0.000765319604401591,0.000362149845079586,0.00155665890658478
"ACTL8",0.00418058967568594,0.0366335501031592,0.000971083954495969,0.00112082176649307,0.00457655022969236,0.0334242613654246,0.00199896195259673,0.000727648622283939,0.081586597380084,0.00166339807322605,0.350702088009493,0.00498888315988085,0.00353048250283337,0.00368415137280714,0.00719693711810722,0.0441218892423076,0.00139088272737535,0.0179820351452439,1.25930968037858,0.000391282013975291,0.00765319604401591,0.000362149845079586,0.00116749417993858
"IGSF21",0.00585282554596032,0.000915838752578979,0.00194216790899194,0.00112082176649307,0.00305103348646157,0.00407612943480788,0.000666320650865577,0.00291059448913576,0.00148339267963789,0.0033267961464521,0.00135668119152608,0.00399110652790468,0.00117682750094446,0.00221049082368428,0.0017992342795268,0.00110304723105769,0.00027817654547507,0.00599401171508131,0.000612504708355339,0.000782564027950582,0.000765319604401591,0.0025350489155571,0.00116749417993858
"KLHDC7A",0.886142871196447,2.23113889387033,0.342792635937077,2.42750940652368,0.188401317789002,0.131520392343511,0.341822493894041,1.20231564805842,1.50193508813336,1.08619894181661,0.0827575526830912,0.427547286801788,0.0400121350321115,0.790250469467131,0.0314865998917191,0.0364005586249038,1.22768489344149,0.18281735730998,0.203964067882328,1.71303265718382,0.857349286830883,0.430715675248504,2.07664913938762
"ALDH4A1",0.300584397681819,1.32521867498178,0.199072210671674,4.48197570450547,0.033942747536885,0.0566581991438296,0.0433108423062625,0.167359183125306,0.334505049258344,0.166339807322605,0.472125054651077,0.0868065669819267,0.110621785088779,0.1031562384386,0.0539770283858041,0.0683889283255768,0.997819268619076,0.0449550878631098,0.196001506673708,2.48092360961033,0.0635215271653321,0.191095608753145,0.16520042646131
"RP5-1126H10.2",0.00418058967568594,0.0494552926392649,0.0242770988623992,0.00784575236545147,0.0148737882465002,0.00163045177392315,0.00866216846125251,0.0101870807119751,0.0174298639857452,0.0133071845858084,0.0176368554898391,0.0139688728476664,0.00470731000377783,0.0243153990605271,0.00719693711810722,0.0110304723105769,0.00472900127307619,0.0149850292877033,0.0147001130005281,0.0453887136211338,0.0153063920880318,0.0162967430285814,0.0147882596125554
"AKR7L",0.0152591523162537,0.0969690071230623,0.0594594705337882,0.24329678085265,0.00750172858483739,0.227105627589756,0.390563849504858,0.0204978616897386,0.0870009806607623,0.0876111765168161,0.0534803725699583,0.213045266459552,0.0797653680140153,0.00921037843201784,0.0152934913759778,0.0119460015123548,0.0194584493559811,0.0459440997960982,0.0471628625433611,0.0280470947617489,0.0480238051761999,0.0532975927003627,0.0236028406710917
"AKR7A3",0.0432022137085385,1.05112645310995,0.14083630592055,1.76359063314151,0.00851619721908586,0.189401430317783,3.59047549039567,0.0430549689805407,0.467802715450605,0.189078458983605,0.0531412022720767,0.462269913594559,0.0978767432535505,0.0233354147953604,0.017992342795268,0.017284750110674,0.0302377904931401,0.0594306261550312,0.0375649137634329,0.249841391563503,0.292734748683609,0.0109840048012638,0.028475183048702
"NBL1",0.109531449502972,1.36688933822413,1.32989947568223,0.628781011002611,0.0446213647395005,0.319976160632419,0.285851559221333,0.749841905263599,0.641938182113297,0.116437865125824,0.442278068437504,0.747334697350151,1.08915385212409,0.320521169434221,0.221305816381797,0.177590604200288,0.303699243522408,0.149850292877033,0.284508437031055,0.717611213630684,1.04619189921698,0.267809810436354,1.38983566321335
"HTR6",0.198159950627514,0.00549503251547388,0.00291325186348791,0.0851824542534731,0.00305103348646157,0.00407612943480788,0.262530336441038,0.00509354035598757,0.0155756231361979,0.0731895152219462,0.00271336238305217,0.538300492951143,0.00706096500566674,0.00147366054912285,0.0017992342795268,0.00220609446211538,0.00055635309095014,1.83716459067242,0.000612504708355339,0.0133035884751599,0.088011754506183,0.00108644953523876,0.00155665890658478
"RNF186",0.344480589276522,0.0192326138041586,0.00485541977247985,0.0941490283854177,0.000381379185807696,0.00570658120873103,1.45657694279215,0.0160082696902467,0.00593357071855156,0.0149705826590345,0.00271336238305217,2.86694152995609,0.00117682750094446,0.0162102660403514,0.00359846855905361,0.00220609446211538,0.457878593851965,0.416583814198151,0.000612504708355339,0.373478682339415,0.000765319604401591,0.000724299690159172,0.00116749417993858
"RP11-91K11.2",0.163879115286889,0.0146534200412637,0.00291325186348791,0.0280205441623267,0.000762758371615393,0.00570658120873103,0.623009808559315,0.0094594320896912,0.00222508901945684,0.0099803884393563,0.00135668119152608,1.17538087246793,0.00353048250283337,0.00884196329473713,0.0017992342795268,0.00110304723105769,0.216769073061448,0.2727275330362,0.000612504708355339,0.170598958093227,0.00306127841760637,0.00108644953523876,0.00155665890658478
"PLA2G2A",0.00334447174054876,0.000915838752578979,0.000971083954495969,0.00112082176649307,0.000381379185807696,0.00163045177392315,0.00133264130173115,0.000727648622283939,0.0118671414371031,0.0033267961464521,0.00271336238305217,0.00399110652790468,0.00117682750094446,0.000736830274561427,0.0017992342795268,0.00110304723105769,0.00139088272737535,0.0179820351452439,0.00122500941671068,0.00234769208385175,0.000765319604401591,0.000724299690159172,0.000389164726646194
"PLA2G2D",0.00334447174054876,0.000915838752578979,0.000971083954495969,0.00448328706597227,0.000762758371615393,0.00244567766088473,0.000666320650865577,0.00145529724456788,0.00148339267963789,0.0099803884393563,0.00407004357457825,0.000997776631976169,0.00353048250283337,0.000736830274561427,0.0017992342795268,0.00110304723105769,0.00083452963642521,0.00299700585754065,0.000612504708355339,0.000391282013975291,0.00535723723081114,0.000362149845079586,0.000389164726646194
"RP3-340N1.2",0.00250835380541157,0.000915838752578979,0.00194216790899194,0.00112082176649307,0.000381379185807696,0.000815225886961576,0.00133264130173115,0.0160082696902467,0.0304095499325768,0.0033267961464521,0.00135668119152608,0.000997776631976169,0.00235365500188891,0.000736830274561427,0.0017992342795268,0.00110304723105769,0.00111270618190028,0.0119880234301626,0.0214376647924369,0.00117384604192587,0.000765319604401591,0.00398364829587545,0.000389164726646194
"UBXN10-AS1",0.0409697788217223,0.00274751625773694,0.00485541977247985,0.0515578012586811,0.000381379185807696,0.000815225886961576,0.00133264130173115,0.0196465128016663,0.013350534116741,0.0182973788054866,0.00678340595763042,0.00798221305580935,0.00470731000377783,0.00147366054912285,0.0017992342795268,0.00110304723105769,0.0122397680009031,0.00299700585754065,0.00245001883342135,0.0305199970900727,0.000765319604401591,0.00869159628191007,0.000389164726646194
"UBXN10",0.456520392584905,0.185915266773533,0.620037104945676,0.83108933985461,0.00152551674323079,0.0228263248349241,0.103279700884165,0.357639297852556,0.157239624041616,0.435810295185225,0.0298469862135739,0.243457498202185,0.0152987575122779,0.0390520045517556,0.0017992342795268,0.00110304723105769,0.434789940577534,0.176823345594899,0.0177626365423048,0.569248812391673,0.00765319604401591,0.140514139890879,0.0153720067025247
"VWA5B1",0.000836117935137189,0.00183167750515796,0.00194216790899194,0.00112082176649307,0.00533930860130775,0.00163045177392315,0.00199896195259673,0.00363824311141969,0.00148339267963789,0.0066535922929042,0.00814008714915651,0.000997776631976169,0.0176524125141669,0.00221049082368428,0.00539770283858041,0.00110304723105769,0.00027817654547507,0.00299700585754065,0.000612504708355339,0.00352153812577762,0.000765319604401591,0.00217289907047752,0.000389164726646194
"CAMK2N1",1.22365859807328,0.391978986103803,2.46752432837426,6.06495711819429,3.3647178667884,1.24036618701204,2.55490658764643,4.42701421797548,2.99311557933935,3.01574070675883,2.24395069078414,0.906809336438902,0.866733454445592,0.585411653139054,0.82225006574375,0.929537901612316,3.3667011857484,0.0269730527178659,0.0667630132107319,1.50804001006217,0.322069449120322,2.52524189775235,1.91611868964607
"FAM43B",0.000836117935137189,0.000915838752578979,0.00242770988623992,0.00448328706597227,0.00305103348646157,0.0105979365305005,0.00133264130173115,0.00509354035598757,0.0103837487574652,0.0681993210022681,0.0203502178728913,0.00299332989592851,0.0776706150623342,0.000736830274561427,0.0017992342795268,0.00220609446211538,0.00667623709140168,0.00599401171508131,0.00735005650026406,0.0277810229922457,0.00153063920880318,0.0992290575518066,0.0066158003529853
"CDA",0.00250835380541157,0.000915838752578979,0.000971083954495969,0.00560410883246534,0.671799435800257,0.66685477553457,0.00466424455605904,1.19752772012379,0.0749113303217135,0.0033267961464521,0.16280174298313,0.000997776631976169,0.711192163645764,0.00221049082368428,0.00719693711810722,0.00220609446211538,0.00528535436402633,0.00599401171508131,0.0294002260010563,0.262158949363445,0.000765319604401591,0.176729124398838,0.00505914144640053
"KIF17",0.030936363600076,0.0119059037835267,0.0145662593174395,0.0112082176649307,0.0747503204183085,0.00326090354784631,0.00732952715952135,0.0283782962690736,0.0415349950298609,0.064872524855816,0.0529105664695173,0.0209533092714996,0.0447194450358894,0.0110524541184214,0.00899617139763402,0.24377343806375,0.0428391880031608,0.0119880234301626,0.0269502071676349,0.0770825567531323,0.0237249077364493,0.00941589597206924,0.0361923195780961
"SH2D5",0.218644840038375,0.0522028088970018,0.0291325186348791,0.0706117712890633,0.0793268706480009,0.0921205252266581,0.0466424455605904,0.0269229990245057,0.184682388614917,0.113111068979371,0.0217068990644174,0.0478932783348561,0.0141219300113335,0.0839986513000027,0.163730319436939,0.343599212474471,0.105707087280527,0.00299700585754065,0.0710505461692193,0.061822558208096,0.0329087429892684,0.0130373944228651,0.13445641305626
"RP5-1071N3.1",0.00167223587027438,0.00366335501031592,0.0565656403493902,0.00224164353298614,0.0114413755742309,0.000815225886961576,0.0166580162716394,0.05912145056057,0.0556272254864209,0.0066535922929042,0.00678340595763042,0.00349221821191659,0.00470731000377783,0.0276311352960535,0.0305869827519557,0.00992742507951922,0.00166905927285042,0.00599401171508131,0.00490003766684271,0.00117384604192587,0.00306127841760637,0.00144859938031834,0.0132316007059706
"NBPF2P",0.0426420146919966,0.00915838752578979,0.0736372962694293,0.0330642421115455,0.0165899945826348,0.0157583163949673,0.0133264130173116,0.0207379857350923,0.000741696339818945,0.0368775352834216,0.00610506536186738,0.00848110137179744,0.0158871712627502,0.0187891720013164,0.00359846855905361,0.0354519380061942,0.0401965108211476,0.887623224827815,0.00428753295848737,0.0247290232832384,0.0176023509012366,0.0199182414793772,0.0287320317682885
"HS6ST1P1",0.0683526411974652,0.0270172432010799,0.0772011743824295,0.0353058856445316,0.0493886045620967,0.0595114897481951,0.0533056520692462,0.11642377956543,0.0148339267963789,0.129745049711632,0.0417179466394271,0.0593677096025821,0.107091302585946,0.0729461971815813,0.00539770283858041,0.0716980700187499,0.0333811854570084,0.104895205013923,0.041650320168163,0.0383456373695785,0.0420925782420875,0.0561332259873359,0.0947616109383483
"NBPF3",0.288184768703735,0.0775440671808622,0.396765482127963,0.162519156141495,0.428555791092109,0.106688611826662,0.112608189996283,0.196094027219299,0.323253515783291,0.201687016378659,0.826802218551742,0.0441516159649455,0.30510429789486,0.172904592228585,0.393564506303693,0.302323185088292,0.267697635007024,2.84511760068049,0.0452212226178746,0.229987742174397,0.136165664015131,0.158998267983742,0.152066116937
"ALPL",5.97343555810386,0.00915838752578979,0.000971083954495969,2.75478936233966,0.00266965430065388,0.00733703298265419,0.059968858577902,0.648880658921702,0.0726862413022566,0.163013011176153,0.0244202614474695,0.00698443642383318,0.00470731000377783,0.00442098164736856,0.00719693711810722,1.13503560075836,1.75079588720736,0.497502972351749,0.0128625988754621,2.33332420829857,0.0153063920880318,0.000362149845079586,0.00739412980627769
"RAP1GAP",0.356604299336011,0.336570741572775,1.32018863613727,0.806991671875009,0.145114780199829,0.24293731431455,0.287184200523064,0.548283236890948,0.382159039091712,2.47555218247867,0.198075453962808,2.2360174322586,0.189469227652058,0.152892281971496,0.0197915770747949,0.0474310309354807,0.887244091792736,2.98801483996803,0.0937132203783668,0.735218904259572,0.201279055957618,0.107196354143558,1.53622775843585
"U7",0.0326085994703504,0.0401412125255367,0.0638002158103852,0.0784575236545147,0.00266965430065388,0.0118207753609429,0.0276523070109215,0.0323803636916353,0.0233634347042968,0.031604563391295,0.0149234931067869,0.0229488625354519,0.00611950300491117,0.0162102660403514,0.0107954056771608,0.00220609446211538,0.0271222131838193,0.0929071815837603,0.00612504708355339,0.0604413326987632,0.0221942685276461,0.00923482104952945,0.00466997671975433
"LDLRAD2",0.158862407676066,0.0723512614537394,1.58869334955541,0.0750950583550355,1.47136089884609,0.117392527722467,0.0842895623344956,0.115696130943146,1.44593701447703,0.750741452389113,0.636283478825734,0.124722078997021,1.29392183728843,0.543780742626333,0.797060785830375,0.380363776685623,0.223236677743744,0.086913169868679,0.662117589732121,0.350001761500898,0.308423800573841,0.616197961402916,0.442674876560046
"HSPG2",1.11161879476489,0.305890143361379,8.345417818222,0.338858044663849,9.32205143869752,0.634245740056106,0.552599705382349,0.54318969653496,9.21665248194313,4.91949980156605,3.05569374810995,0.306317426016684,5.08683687283241,2.72995616725009,3.52829842215206,2.43056457363562,1.26394242437871,0.4201802212272,2.46767734416324,2.19003673478082,1.32170695680155,3.16174922246733,1.84812382860644
"WNT4",0.00250835380541157,0.0210642913093165,0.0427276939978226,0.00224164353298614,0.00648344615873084,0.00896748475657734,0.00732952715952135,0.0101870807119751,0.01409223045656,0.0133071845858084,0.0108534495322087,0.00598665979185701,0.0388353075311671,0.00663147247105285,0.00359846855905361,0.00220609446211538,0.0027817654547507,0.00599401171508131,0.00306252354177669,0.00313025611180233,0.0420925782420875,0.0108644953523876,0.0599313679035139
"C1QA",0.044314250562271,0.000915838752578979,0.000971083954495969,0.00112082176649307,0.000381379185807696,0.00244567766088473,0.00133264130173115,0.0138253238233948,0.000741696339818945,0.00166339807322605,0.00135668119152608,0.000997776631976169,0.00235365500188891,0.00368415137280714,0.0017992342795268,0.00110304723105769,0.00111270618190028,0.00899101757262196,0.000612504708355339,0.0129123064611846,0.0137757528792286,0.0228154402400139,0.1482717608522
"C1QC",0.104514741892149,0.000915838752578979,0.00194216790899194,0.00112082176649307,0.00190689592903848,0.00163045177392315,0.00133264130173115,0.0160082696902467,0.000741696339818945,0.00166339807322605,0.00135668119152608,0.000997776631976169,0.00117682750094446,0.00294732109824571,0.0017992342795268,0.00110304723105769,0.00111270618190028,0.00299700585754065,0.000612504708355339,0.00939076833540698,0.0084185156484175,0.0546846266070175,0.261421405124581
"C1QB",0.0777589679677586,0.000915838752578979,0.00485541977247985,0.00224164353298614,0.00114413755742309,0.00163045177392315,0.00199896195259673,0.0145529724456788,0.000741696339818945,0.00166339807322605,0.00135668119152608,0.000997776631976169,0.00117682750094446,0.00221049082368428,0.0017992342795268,0.00110304723105769,0.00083452963642521,0.00599401171508131,0.000612504708355339,0.00704307625155524,0.0107144744616223,0.0391121832685953,0.204116899125929
"EPHB2",0.0196487714757239,0.0796779714743712,0.670047928602219,0.00112082176649307,0.0583510154285776,0.0448374237828867,0.00732952715952135,0.842980928915943,1.71925211570032,0.365947576109731,1.59477874063891,0.0169622027435949,0.723160499330369,1.2474536548325,0.99677579085785,1.21721261947216,0.214529751870374,0.0149850292877033,0.413440678139854,0.0942989653680451,0.102170167187612,0.256764240161427,1.0867424991595
"MIR4253",0.00167223587027438,0.00183167750515796,0.0233060149079033,0.00224164353298614,0.00114413755742309,0.00163045177392315,0.000666320650865577,0.0312888907582094,0.0422766913696799,0.00831699036613025,0.048840522894939,0.000997776631976169,0.012945102510389,0.0545254403175456,0.0269885141929021,0.0397097003180769,0.00945800254615238,0.00299700585754065,0.0116375894587514,0.0043041021537282,0.000765319604401591,0.0108644953523876,0.028019860318526
"HTR1D",0.00418058967568594,0.00366335501031592,0.00194216790899194,0.00112082176649307,0.410364003929081,0.00163045177392315,0.0479750868623216,0.00218294586685182,0.00445017803891367,0.0449117479771034,0.0149234931067869,0.00299332989592851,0.00470731000377783,0.0169470963149128,0.00359846855905361,0.118026053723173,0.00890164945520224,0.00299700585754065,0.000612504708355339,0.00391282013975291,0.00229595881320477,0.0108644953523876,0.0654263738437582
"LINC01355",0.0192307125081553,0.10806897280432,0.290354102394295,0.0369871182942712,0.0583510154285776,0.0489135532176946,0.0741814780608647,0.122972617165986,0.0511770474475072,0.111447670906145,0.173655192515339,0.196561996499305,0.0435426175349449,0.11347186228246,0.12954486812593,0.0275761807764423,0.122119503463556,0.302697591611606,0.147613634713637,0.024259484866468,0.0566336507257178,0.0912617609600557,0.0897024694919478
"RP5-1057J7.7",0.00501670761082313,0.0164850975464216,0.0223349309534073,0.00896657413194454,0.00228827511484618,0.00326090354784631,0.017324336922505,0.0145529724456788,0.00148339267963789,0.0099803884393563,0.00949676834068259,0.0309310755912612,0.00470731000377783,0.00663147247105285,0.00359846855905361,0.00110304723105769,0.0161342396375541,0.0269730527178659,0.0110250847503961,0.012129742433234,0.00765319604401591,0.00615654736635296,0.0070049650796315
"TCEA3",1.63572260004694,2.15069161784379,2.22462709883618,2.59582321119794,0.215288550388445,0.543755666603371,1.06611304138492,1.41491274603112,0.862592843209433,2.0239396055978,2.78164414742168,2.05442208523893,0.754346428105397,1.27140063875574,0.0107954056771608,0.263628288222788,3.37894095374931,2.83016254145137,1.24705958621147,1.8448946958935,0.922975442908319,0.955351291319948,1.14686844942633
"ASAP3",1.00877628874302,0.117227360330109,0.621008188900172,0.610287451855475,0.215860619167156,0.0105979365305005,0.0103279700884165,0.345633095584871,0.264043896975545,0.516485101736689,0.118031263662769,0.0917954501418076,0.109444957587834,0.055262270592107,0.0197915770747949,0.0898983493312018,0.250358890927563,0.119880234301626,0.348515179054188,0.725241212903202,0.155359879693523,0.258031764619205,0.086199986952132
"E2F2",0.0919729728650908,0.0549503251547388,0.24578134888293,0.112082176649307,0.0797082498338086,0.353155854231755,0.0872880052633907,0.0291059448913576,0.192841048352926,0.108120874759693,0.113961220088191,0.113746536045283,0.167109505134113,0.084241805290608,0.176324959393627,0.0573584560149999,0.132968388737083,0.221778433458008,0.11698839929587,0.0874515301234775,0.0604602487477257,0.0793108160724294,0.178626609530603
"ID3",0.137123341362499,0.119974876587846,0.330654086505877,0.0930282066189246,0.049007225376289,0.0432069720089635,0.0619678205304987,0.105509050231171,0.0652692779040672,0.438305392295064,0.1248146696204,0.0598665979185702,0.0458962725368338,0.0110524541184214,0.0017992342795268,0.354993690371297,0.106263440371477,0.0239760468603252,0.0967757439201435,0.111124091968983,0.886240101897043,0.0865538129740211,0.144963860675707
"HMGCL",0.748952640399137,0.72717596954771,0.717145500395273,1.69655428328756,0.375086429241869,0.691311552143417,0.483582212365693,0.479884266396258,0.33747183461762,0.464088062430068,1.1911660861599,0.318290745600398,0.468965759126366,0.6609367562816,0.190718833629841,0.450043270271538,1.11173256399112,0.554446083645021,0.248064406883912,1.22940808791036,0.290821449672605,0.654433742046418,0.928691028726679
"FUCA1",3.22616105272684,0.434565488098726,2.06792328109917,2.03933520413414,1.13345894022047,0.117392527722467,0.445768515429071,1.0714625963131,1.09066446770376,0.886591173029485,0.841820679341935,0.287359670009137,0.623718575500562,1.50571266606628,0.0359846855905361,0.354078161169519,1.25491003194714,2.31668552787893,0.0627817326064222,1.71596727228864,0.440824092135317,0.821294283166838,0.960684260904262
"RP11-293P20.2",0.000836117935137189,0.211100832469455,0.246655324441976,0.267315991308597,0.0331799891652696,0.0350547131393478,0.248870763098293,0.0858625374295048,0.0619316443748819,0.114774467052598,0.106499473534798,0.0439021718069514,0.0817895113156397,0.0921037843201784,0.0107954056771608,0.0887953021001441,0.0842874932789462,0.00299700585754065,0.041650320168163,0.23294192137991,0.104466126000817,0.0912617609600557,0.0622663562633911
"MYOM3",0.00167223587027438,2.70492975574202,2.72097724049771,3.27728284522573,0.653683924474392,0.436822487010622,2.92015025241839,0.932117885145726,0.563689218262398,1.34818413834971,1.35328948854727,0.624608171617082,1.32687300731487,0.962852961283145,0.0881624796968134,0.774339156202499,1.05322369118135,0.00899101757262196,0.642719565618507,3.28246481523872,1.38356774042533,1.17602005642229,0.854605739715043
"IL22RA1",0.00919729728650908,0.250023979454061,0.20247100451241,0.172606552039932,0.18878269697481,0.135327497235622,0.708965172520974,0.0916837264077763,0.364172902851102,0.0798431075148504,0.478908460608708,0.177604240491758,0.0788474425632786,0.0169470963149128,0.0287877484724289,0.111407770336827,0.125735798554732,0.0539461054357318,0.121275932254357,0.521187642615088,0.0283168253628589,0.119509448876263,0.138348060322722
"IFNLR1",0.139489555118937,0.0249108140701482,0.270068158584874,0.152431760243057,0.0302243004752599,0.00163045177392315,0.000666320650865577,0.105509050231171,0.16910676547872,0.106457476686467,0.0203502178728913,0.00498888315988085,0.00706096500566674,0.127840052636408,0.00539770283858041,0.128174088248904,0.172886723012756,0.124375743087937,0.0079625612086194,0.100755118598637,0.00612255683521273,0.0242640396203323,0.100015334748072
"GRHL3",0.0326085994703504,0.00183167750515796,0.0713746706554537,0.00224164353298614,0.0102972380168078,0.0521744567655409,0.00133264130173115,0.00873178346740727,0.01409223045656,0.0116437865125824,0.0230635802559434,0.00798221305580935,0.0117682750094446,0.0324205320807028,0.00539770283858041,0.0253700863143269,0.00528535436402633,0.0119880234301626,0.00306252354177669,0.0207379467406904,0.00535723723081114,0.00144859938031834,0.00778329453292389
"RCAN3",0.359112653141423,0.0274751625773694,1.63831573963015,0.400133370638025,0.713686311777517,0.0872291699048887,0.175908651828512,0.864446563273319,0.21101260867849,0.490702431601685,0.476195098225656,0.0448999484389276,0.209475295168113,0.648042226476775,1.06424707634011,0.471001167661634,0.835411456074366,0.311688609184228,0.295227269427273,0.0872558891164899,0.0665828055829384,0.140514139890879,0.577123506321773
"RP4-594I10.3",0.061872727200152,0.00274751625773694,0.263163751668408,0.0728534148220494,0.0793268706480009,0.00815225886961576,0.0199896195259673,0.128066157521973,0.040051602350223,0.104794078613241,0.0827575526830912,0.00897998968778552,0.0305975150245559,0.111261371458776,0.12414716528735,0.0474310309354807,0.112939677462878,0.0749251464385163,0.0269502071676349,0.0125210244472093,0.00459191762640955,0.0213668408596956,0.122197724166905
"NCMAP",0.00668894348109751,0.000915838752578979,0.693353943510122,0.00112082176649307,0.000381379185807696,0.000815225886961576,0.000666320650865577,0.0094594320896912,0.054143832806783,0.0116437865125824,0.0149234931067869,0.000997776631976169,0.00117682750094446,0.0567359311412299,0.0017992342795268,0.00220609446211538,0.172469458194543,0.0119880234301626,0.000612504708355339,0.00821692229348111,0.000765319604401591,0.000724299690159172,0.0147882596125554
"RUNX3",0.00334447174054876,0.00549503251547388,0.0116530074539516,0.291974070171444,0.0556813611279237,0.630715811965563,0.520616314140802,0.0771307539620975,0.0157610472211526,0.00166339807322605,1.68431969927963,0.402103982686396,0.00706096500566674,0.918458937240819,0.0125946399566876,1.48304700215707,0.069683224641505,0.00599401171508131,0.0551254237519805,0.0931251193261193,0.00229595881320477,0.595555420233379,0.015955753792494
"RHD",0.00668894348109751,0.00183167750515796,0.0577794952925102,0.0207352026801218,0.00610206697292314,0.00122283883044236,0.00607684433589407,0.0160082696902467,0.000741696339818945,0.0124754855491954,0.0454488199161238,0.0189577560075472,0.00353048250283337,0.0185460180107111,0.00809655425787062,0.0187518029279807,0.010801595260797,0.0179820351452439,0.00826881356279707,0.0117384604192587,0.0137757528792286,0.00416472321841524,0.0356747304916566
"RP3-469D22.1",0.0126086584618688,0.0109900650309478,0.0234710991801676,0.0194238412133249,0.00862679718297009,0.0151468969797461,0.014905592959863,0.0145529724456788,0.0175559523635144,0.0246681934259423,0.016280174298313,0.00856092350235553,0.0134864431608235,0.00576938104981598,0.00899617139763402,0.0148359852577259,0.0194890487759834,0.00899101757262196,0.00444065913557621,0.0255311514118877,0.0188115558761911,0.0160251306447717,0.0249065425053564
"MAN1C1",1.20752152192513,0.0219801300618955,0.00776867163596775,0.00560410883246534,0.0137296506890771,0.0138588400783468,0.0059968858577902,0.0349271338696291,0.0170590158158357,0.066535922929042,0.0732607843424086,0.00498888315988085,0.125920542601057,0.00663147247105285,0.0215908113543217,0.0132365667726923,0.0643978702774787,0.0749251464385163,0.0122500941671068,0.0473451236910102,0.0681134447917416,0.0264369386908098,0.0544830617304672
